datetime,hour,day_of_week,is_weekend,temperature_C,humidity_percent,previous_consumption_kWh,consumption_kWh
2025-01-01 00:00:00,0,2,0,18.95,69.73,0.888,0.888
2025-01-01 01:00:00,1,2,0,19.29,62.81,0.888,1.135
2025-01-01 02:00:00,2,2,0,21.68,59.57,1.135,1.262
2025-01-01 03:00:00,3,2,0,24.03,61.76,1.262,1.892
2025-01-01 04:00:00,4,2,0,22.19,62.4,1.892,1.621
2025-01-01 05:00:00,5,2,0,22.68,60.59,1.621,1.241
2025-01-01 06:00:00,6,2,0,25.58,64.02,1.241,3.056
2025-01-01 07:00:00,7,2,0,24.19,66.43,3.056,2.179
2025-01-01 08:00:00,8,2,0,21.83,63.98,2.179,2.887
2025-01-01 09:00:00,9,2,0,22.56,70.34,2.887,2.607
2025-01-01 10:00:00,10,2,0,20.01,59.28,2.607,2.095
2025-01-01 11:00:00,11,2,0,18.8,64.99,2.095,2.521
2025-01-01 12:00:00,12,2,0,18.57,62.56,2.521,1.913
2025-01-01 13:00:00,13,2,0,14.04,60.43,1.913,1.901
2025-01-01 14:00:00,14,2,0,13.12,70.09,1.901,2.089
2025-01-01 15:00:00,15,2,0,13.83,69.33,2.089,2.449
2025-01-01 16:00:00,16,2,0,12.36,78.68,2.449,1.738
2025-01-01 17:00:00,17,2,0,13.85,73.08,1.738,1.317
2025-01-01 18:00:00,18,2,0,11.84,66.4,1.317,3.204
2025-01-01 19:00:00,19,2,0,11.26,81.26,3.204,3.338
2025-01-01 20:00:00,20,2,0,16.07,74.25,3.338,3.384
2025-01-01 21:00:00,21,2,0,14.33,72.44,3.384,2.859
2025-01-01 22:00:00,22,2,0,15.81,67.22,2.859,2.779
2025-01-01 23:00:00,23,2,0,14.78,64.38,2.779,3.099
2025-01-02 00:00:00,0,3,0,17.6,65.06,3.099,0.898
2025-01-02 01:00:00,1,3,0,19.87,70.54,0.898,1.253
2025-01-02 02:00:00,2,3,0,19.19,75.07,1.253,1.413
2025-01-02 03:00:00,3,3,0,22.51,70.71,1.413,1.523
2025-01-02 04:00:00,4,3,0,21.84,61.08,1.523,1.354
2025-01-02 05:00:00,5,3,0,22.81,57.16,1.354,1.584
2025-01-02 06:00:00,6,3,0,22.51,63.7,1.584,1.761
2025-01-02 07:00:00,7,3,0,26.02,51.34,1.761,3.043
2025-01-02 08:00:00,8,3,0,22.72,64.44,3.043,2.73
2025-01-02 09:00:00,9,3,0,20.36,63.97,2.73,2.479
2025-01-02 10:00:00,10,3,0,22.15,60.95,2.479,2.133
2025-01-02 11:00:00,11,3,0,17.88,58.73,2.133,2.301
2025-01-02 12:00:00,12,3,0,18.73,68.59,2.301,2.149
2025-01-02 13:00:00,13,3,0,14.18,66.99,2.149,2.293
2025-01-02 14:00:00,14,3,0,13.92,64.01,2.293,1.994
2025-01-02 15:00:00,15,3,0,15.17,54.5,1.994,2.138
2025-01-02 16:00:00,16,3,0,15.19,68.71,2.138,2.271
2025-01-02 17:00:00,17,3,0,13.84,78.79,2.271,2.064
2025-01-02 18:00:00,18,3,0,13.24,78.71,2.064,3.17
2025-01-02 19:00:00,19,3,0,13.13,68.21,3.17,3.256
2025-01-02 20:00:00,20,3,0,11.87,68.5,3.256,3.262
2025-01-02 21:00:00,21,3,0,13.8,72.31,3.262,2.463
2025-01-02 22:00:00,22,3,0,15.22,63.83,2.463,3.172
2025-01-02 23:00:00,23,3,0,18.7,67.55,3.172,2.726
2025-01-03 00:00:00,0,4,0,19.13,69.52,2.726,1.472
2025-01-03 01:00:00,1,4,0,17.27,73.32,1.472,1.649
2025-01-03 02:00:00,2,4,0,21.61,63.21,1.649,1.022
2025-01-03 03:00:00,3,4,0,21.58,62.72,1.022,1.233
2025-01-03 04:00:00,4,4,0,21.93,59.06,1.233,1.41
2025-01-03 05:00:00,5,4,0,24.37,57.37,1.41,1.507
2025-01-03 06:00:00,6,4,0,25.17,59.73,1.507,3.225
2025-01-03 07:00:00,7,4,0,24.85,62.96,3.225,2.582
2025-01-03 08:00:00,8,4,0,21.69,68.22,2.582,2.478
2025-01-03 09:00:00,9,4,0,21.69,59.63,2.478,2.776
2025-01-03 10:00:00,10,4,0,21.62,71.17,2.776,1.818
2025-01-03 11:00:00,11,4,0,21.38,62.54,1.818,2.091
2025-01-03 12:00:00,12,4,0,17.9,66.57,2.091,2.314
2025-01-03 13:00:00,13,4,0,17.05,63.63,2.314,2.167
2025-01-03 14:00:00,14,4,0,14.46,57.31,2.167,2.211
2025-01-03 15:00:00,15,4,0,13.29,74.79,2.211,2.057
2025-01-03 16:00:00,16,4,0,15.51,72.28,2.057,1.74
2025-01-03 17:00:00,17,4,0,15.82,66.93,1.74,2.105
2025-01-03 18:00:00,18,4,0,13.51,70.53,2.105,3.755
2025-01-03 19:00:00,19,4,0,15.3,71.34,3.755,3.205
2025-01-03 20:00:00,20,4,0,14.83,61.32,3.205,3.14
2025-01-03 21:00:00,21,4,0,14.12,67.06,3.14,3.148
2025-01-03 22:00:00,22,4,0,16.66,71.64,3.148,2.564
2025-01-03 23:00:00,23,4,0,19.63,59.02,2.564,3.236
2025-01-04 00:00:00,0,5,1,18.77,67.45,3.236,1.766
2025-01-04 01:00:00,1,5,1,22.47,56.24,1.766,2.108
2025-01-04 02:00:00,2,5,1,17.4,69.42,2.108,1.532
2025-01-04 03:00:00,3,5,1,23.59,61.95,1.532,2.215
2025-01-04 04:00:00,4,5,1,23.29,54.3,2.215,2.026
2025-01-04 05:00:00,5,5,1,23.21,68.26,2.026,2.063
2025-01-04 06:00:00,6,5,1,23.96,58.16,2.063,2.792
2025-01-04 07:00:00,7,5,1,20.67,60.41,2.792,2.788
2025-01-04 08:00:00,8,5,1,22.83,63.74,2.788,3.267
2025-01-04 09:00:00,9,5,1,22.9,68.43,3.267,3.11
2025-01-04 10:00:00,10,5,1,23.54,57.09,3.11,1.976
2025-01-04 11:00:00,11,5,1,19.34,65.83,1.976,2.26
2025-01-04 12:00:00,12,5,1,17.61,69.05,2.26,2.538
2025-01-04 13:00:00,13,5,1,16.78,71.04,2.538,2.677
2025-01-04 14:00:00,14,5,1,17.7,67.72,2.677,2.571
2025-01-04 15:00:00,15,5,1,15.78,66.54,2.571,2.844
2025-01-04 16:00:00,16,5,1,13.7,65.9,2.844,1.98
2025-01-04 17:00:00,17,5,1,14.77,69.62,1.98,2.411
2025-01-04 18:00:00,18,5,1,13.97,64.46,2.411,3.212
2025-01-04 19:00:00,19,5,1,15.45,54.03,3.212,3.74
2025-01-04 20:00:00,20,5,1,13.44,72.43,3.74,3.41
2025-01-04 21:00:00,21,5,1,14.8,73.68,3.41,3.43
2025-01-04 22:00:00,22,5,1,15.74,56.6,3.43,3.016
2025-01-04 23:00:00,23,5,1,15.34,63.68,3.016,3.48
2025-01-05 00:00:00,0,6,1,19.48,68.52,3.48,1.976
2025-01-05 01:00:00,1,6,1,20.72,74.71,1.976,1.846
2025-01-05 02:00:00,2,6,1,21.54,63.87,1.846,1.683
2025-01-05 03:00:00,3,6,1,22.22,59.59,1.683,1.905
2025-01-05 04:00:00,4,6,1,21.24,63.09,1.905,1.655
2025-01-05 05:00:00,5,6,1,23.23,69.29,1.655,2.139
2025-01-05 06:00:00,6,6,1,23.52,58.96,2.139,3.146
2025-01-05 07:00:00,7,6,1,22.66,58.88,3.146,3.118
2025-01-05 08:00:00,8,6,1,23.12,60.09,3.118,2.784
2025-01-05 09:00:00,9,6,1,23.17,57.69,2.784,3.165
2025-01-05 10:00:00,10,6,1,24.36,62.12,3.165,2.271
2025-01-05 11:00:00,11,6,1,20.59,72.65,2.271,2.683
2025-01-05 12:00:00,12,6,1,19.42,67.08,2.683,2.697
2025-01-05 13:00:00,13,6,1,17.63,65.64,2.697,2.133
2025-01-05 14:00:00,14,6,1,13.65,68.62,2.133,2.294
2025-01-05 15:00:00,15,6,1,15.46,60.82,2.294,2.469
2025-01-05 16:00:00,16,6,1,14.79,73.58,2.469,2.393
2025-01-05 17:00:00,17,6,1,17.9,66.29,2.393,2.073
2025-01-05 18:00:00,18,6,1,13.74,69.1,2.073,3.764
2025-01-05 19:00:00,19,6,1,14.65,85.24,3.764,3.613
2025-01-05 20:00:00,20,6,1,14.65,70.77,3.613,3.385
2025-01-05 21:00:00,21,6,1,13.74,66.25,3.385,3.136
2025-01-05 22:00:00,22,6,1,18.25,64.27,3.136,3.494
2025-01-05 23:00:00,23,6,1,18.87,71.65,3.494,3.574
2025-01-06 00:00:00,0,0,0,20.42,65.23,3.574,1.244
2025-01-06 01:00:00,1,0,0,19.17,58.47,1.244,1.197
2025-01-06 02:00:00,2,0,0,23.84,66.52,1.197,1.488
2025-01-06 03:00:00,3,0,0,20.67,61.12,1.488,1.321
2025-01-06 04:00:00,4,0,0,24.45,70.81,1.321,1.604
2025-01-06 05:00:00,5,0,0,27.35,64.52,1.604,2.933
2025-01-06 06:00:00,6,0,0,22.75,60.56,2.933,1.906
2025-01-06 07:00:00,7,0,0,23.22,68.83,1.906,2.83
2025-01-06 08:00:00,8,0,0,23.72,62.37,2.83,2.635
2025-01-06 09:00:00,9,0,0,22.02,67.65,2.635,2.622
2025-01-06 10:00:00,10,0,0,19.41,67.89,2.622,2.096
2025-01-06 11:00:00,11,0,0,20.63,60.26,2.096,2.18
2025-01-06 12:00:00,12,0,0,17.64,63.67,2.18,1.802
2025-01-06 13:00:00,13,0,0,18.65,71.23,1.802,2.624
2025-01-06 14:00:00,14,0,0,15.36,67.04,2.624,2.245
2025-01-06 15:00:00,15,0,0,18.03,64.56,2.245,2.3
2025-01-06 16:00:00,16,0,0,13.73,65.24,2.3,2.356
2025-01-06 17:00:00,17,0,0,13.92,71.98,2.356,1.77
2025-01-06 18:00:00,18,0,0,15.46,78.95,1.77,3.435
2025-01-06 19:00:00,19,0,0,12.56,65.61,3.435,3.133
2025-01-06 20:00:00,20,0,0,15.25,68.92,3.133,3.295
2025-01-06 21:00:00,21,0,0,17.66,73.93,3.295,2.443
2025-01-06 22:00:00,22,0,0,14.33,69.14,2.443,2.857
2025-01-06 23:00:00,23,0,0,18.22,68.69,2.857,2.66
2025-01-07 00:00:00,0,1,0,19.83,59.82,2.66,1.473
2025-01-07 01:00:00,1,1,0,21.91,65.61,1.473,1.468
2025-01-07 02:00:00,2,1,0,20.09,63.99,1.468,1.188
2025-01-07 03:00:00,3,1,0,21.0,69.13,1.188,1.232
2025-01-07 04:00:00,4,1,0,24.56,67.29,1.232,1.649
2025-01-07 05:00:00,5,1,0,24.72,74.17,1.649,1.602
2025-01-07 06:00:00,6,1,0,24.82,64.04,1.602,2.88
2025-01-07 07:00:00,7,1,0,24.79,62.8,2.88,2.685
2025-01-07 08:00:00,8,1,0,22.75,63.77,2.685,1.89
2025-01-07 09:00:00,9,1,0,23.33,60.57,1.89,2.631
2025-01-07 10:00:00,10,1,0,22.38,64.79,2.631,1.859
2025-01-07 11:00:00,11,1,0,19.67,63.79,1.859,1.782
2025-01-07 12:00:00,12,1,0,22.24,64.05,1.782,1.925
2025-01-07 13:00:00,13,1,0,18.86,72.5,1.925,2.277
2025-01-07 14:00:00,14,1,0,15.16,63.84,2.277,2.567
2025-01-07 15:00:00,15,1,0,16.89,73.19,2.567,2.268
2025-01-07 16:00:00,16,1,0,13.65,76.67,2.268,1.967
2025-01-07 17:00:00,17,1,0,15.79,67.77,1.967,2.139
2025-01-07 18:00:00,18,1,0,16.18,57.45,2.139,3.202
2025-01-07 19:00:00,19,1,0,13.38,67.26,3.202,3.026
2025-01-07 20:00:00,20,1,0,16.56,74.24,3.026,2.795
2025-01-07 21:00:00,21,1,0,16.53,67.66,2.795,2.537
2025-01-07 22:00:00,22,1,0,18.18,61.46,2.537,2.784
2025-01-07 23:00:00,23,1,0,20.99,61.68,2.784,2.85
2025-01-08 00:00:00,0,2,0,19.28,69.78,2.85,1.341
2025-01-08 01:00:00,1,2,0,19.81,67.88,1.341,1.246
2025-01-08 02:00:00,2,2,0,20.81,63.15,1.246,1.129
2025-01-08 03:00:00,3,2,0,21.96,61.6,1.129,1.562
2025-01-08 04:00:00,4,2,0,23.86,59.95,1.562,1.153
2025-01-08 05:00:00,5,2,0,24.99,56.4,1.153,2.115
2025-01-08 06:00:00,6,2,0,25.06,69.03,2.115,2.505
2025-01-08 07:00:00,7,2,0,25.72,58.81,2.505,2.913
2025-01-08 08:00:00,8,2,0,24.0,67.89,2.913,2.25
2025-01-08 09:00:00,9,2,0,25.36,68.32,2.25,3.077
2025-01-08 10:00:00,10,2,0,21.75,68.59,3.077,2.362
2025-01-08 11:00:00,11,2,0,25.02,58.82,2.362,2.676
2025-01-08 12:00:00,12,2,0,20.59,66.55,2.676,2.479
2025-01-08 13:00:00,13,2,0,17.07,67.23,2.479,2.381
2025-01-08 14:00:00,14,2,0,15.54,64.05,2.381,1.959
2025-01-08 15:00:00,15,2,0,16.84,69.15,1.959,2.107
2025-01-08 16:00:00,16,2,0,14.98,63.12,2.107,1.923
2025-01-08 17:00:00,17,2,0,15.89,74.23,1.923,2.358
2025-01-08 18:00:00,18,2,0,15.36,66.39,2.358,3.017
2025-01-08 19:00:00,19,2,0,14.71,70.24,3.017,3.423
2025-01-08 20:00:00,20,2,0,14.05,71.18,3.423,3.307
2025-01-08 21:00:00,21,2,0,13.84,68.63,3.307,3.432
2025-01-08 22:00:00,22,2,0,16.48,70.75,3.432,2.779
2025-01-08 23:00:00,23,2,0,19.64,62.92,2.779,2.988
2025-01-09 00:00:00,0,3,0,20.17,69.22,2.988,1.936
2025-01-09 01:00:00,1,3,0,19.28,58.85,1.936,1.196
2025-01-09 02:00:00,2,3,0,22.61,63.54,1.196,0.982
2025-01-09 03:00:00,3,3,0,23.97,71.52,0.982,0.94
2025-01-09 04:00:00,4,3,0,22.86,57.71,0.94,1.66
2025-01-09 05:00:00,5,3,0,24.91,57.68,1.66,1.423
2025-01-09 06:00:00,6,3,0,24.94,63.62,1.423,2.619
2025-01-09 07:00:00,7,3,0,22.97,63.52,2.619,2.609
2025-01-09 08:00:00,8,3,0,24.72,62.98,2.609,2.914
2025-01-09 09:00:00,9,3,0,24.23,64.06,2.914,2.911
2025-01-09 10:00:00,10,3,0,23.98,64.99,2.911,2.174
2025-01-09 11:00:00,11,3,0,22.73,68.37,2.174,2.509
2025-01-09 12:00:00,12,3,0,17.79,68.82,2.509,1.997
2025-01-09 13:00:00,13,3,0,17.15,66.07,1.997,2.081
2025-01-09 14:00:00,14,3,0,18.12,69.86,2.081,2.042
2025-01-09 15:00:00,15,3,0,17.09,76.83,2.042,2.397
2025-01-09 16:00:00,16,3,0,16.29,67.3,2.397,2.343
2025-01-09 17:00:00,17,3,0,20.8,59.49,2.343,2.138
2025-01-09 18:00:00,18,3,0,15.71,73.97,2.138,3.612
2025-01-09 19:00:00,19,3,0,16.73,67.02,3.612,2.905
2025-01-09 20:00:00,20,3,0,16.95,56.57,2.905,3.5
2025-01-09 21:00:00,21,3,0,17.29,71.4,3.5,3.356
2025-01-09 22:00:00,22,3,0,16.88,64.82,3.356,3.066
2025-01-09 23:00:00,23,3,0,19.7,64.79,3.066,3.256
2025-01-10 00:00:00,0,4,0,18.9,67.54,3.256,0.951
2025-01-10 01:00:00,1,4,0,20.99,65.16,0.951,1.219
2025-01-10 02:00:00,2,4,0,21.83,67.09,1.219,1.182
2025-01-10 03:00:00,3,4,0,23.71,59.85,1.182,1.591
2025-01-10 04:00:00,4,4,0,27.86,61.28,1.591,2.569
2025-01-10 05:00:00,5,4,0,22.08,62.03,2.569,1.764
2025-01-10 06:00:00,6,4,0,26.08,63.83,1.764,3.456
2025-01-10 07:00:00,7,4,0,22.47,66.1,3.456,2.674
2025-01-10 08:00:00,8,4,0,23.68,57.38,2.674,2.687
2025-01-10 09:00:00,9,4,0,25.22,66.25,2.687,2.907
2025-01-10 10:00:00,10,4,0,22.65,60.2,2.907,1.906
2025-01-10 11:00:00,11,4,0,19.73,69.25,1.906,2.502
2025-01-10 12:00:00,12,4,0,18.98,67.65,2.502,2.43
2025-01-10 13:00:00,13,4,0,19.78,74.37,2.43,2.24
2025-01-10 14:00:00,14,4,0,16.46,66.71,2.24,2.13
2025-01-10 15:00:00,15,4,0,16.84,65.78,2.13,1.683
2025-01-10 16:00:00,16,4,0,15.79,68.27,1.683,1.85
2025-01-10 17:00:00,17,4,0,14.25,68.09,1.85,2.503
2025-01-10 18:00:00,18,4,0,18.27,70.38,2.503,2.996
2025-01-10 19:00:00,19,4,0,16.18,59.98,2.996,3.247
2025-01-10 20:00:00,20,4,0,12.69,65.58,3.247,3.335
2025-01-10 21:00:00,21,4,0,16.8,62.22,3.335,2.661
2025-01-10 22:00:00,22,4,0,16.56,72.5,2.661,2.928
2025-01-10 23:00:00,23,4,0,20.04,73.52,2.928,3.045
2025-01-11 00:00:00,0,5,1,19.07,65.22,3.045,1.718
2025-01-11 01:00:00,1,5,1,21.38,63.05,1.718,2.417
2025-01-11 02:00:00,2,5,1,23.52,62.54,2.417,1.298
2025-01-11 03:00:00,3,5,1,25.09,66.74,1.298,2.407
2025-01-11 04:00:00,4,5,1,22.79,58.13,2.407,1.789
2025-01-11 05:00:00,5,5,1,24.59,62.52,1.789,2.323
2025-01-11 06:00:00,6,5,1,24.55,66.24,2.323,3.035
2025-01-11 07:00:00,7,5,1,24.11,64.22,3.035,2.705
2025-01-11 08:00:00,8,5,1,27.24,60.16,2.705,4.157
2025-01-11 09:00:00,9,5,1,24.4,66.48,4.157,2.751
2025-01-11 10:00:00,10,5,1,20.87,50.79,2.751,2.619
2025-01-11 11:00:00,11,5,1,22.93,66.05,2.619,2.614
2025-01-11 12:00:00,12,5,1,23.44,58.98,2.614,2.744
2025-01-11 13:00:00,13,5,1,20.51,55.44,2.744,2.865
2025-01-11 14:00:00,14,5,1,15.48,71.17,2.865,2.677
2025-01-11 15:00:00,15,5,1,16.0,75.07,2.677,2.577
2025-01-11 16:00:00,16,5,1,17.83,66.05,2.577,2.248
2025-01-11 17:00:00,17,5,1,14.37,74.27,2.248,2.197
2025-01-11 18:00:00,18,5,1,15.92,76.32,2.197,3.963
2025-01-11 19:00:00,19,5,1,16.59,74.3,3.963,3.909
2025-01-11 20:00:00,20,5,1,14.54,77.57,3.909,3.374
2025-01-11 21:00:00,21,5,1,16.63,71.4,3.374,3.337
2025-01-11 22:00:00,22,5,1,12.9,71.06,3.337,3.006
2025-01-11 23:00:00,23,5,1,17.43,59.05,3.006,3.453
2025-01-12 00:00:00,0,6,1,20.08,63.7,3.453,1.882
2025-01-12 01:00:00,1,6,1,19.88,60.88,1.882,2.185
2025-01-12 02:00:00,2,6,1,25.41,71.53,2.185,1.989
2025-01-12 03:00:00,3,6,1,21.85,62.64,1.989,1.666
2025-01-12 04:00:00,4,6,1,24.13,62.31,1.666,1.936
2025-01-12 05:00:00,5,6,1,25.49,63.37,1.936,2.607
2025-01-12 06:00:00,6,6,1,27.62,59.12,2.607,3.948
2025-01-12 07:00:00,7,6,1,23.14,70.97,3.948,2.632
2025-01-12 08:00:00,8,6,1,26.54,56.66,2.632,4.074
2025-01-12 09:00:00,9,6,1,24.01,62.76,4.074,3.26
2025-01-12 10:00:00,10,6,1,21.49,60.1,3.26,2.239
2025-01-12 11:00:00,11,6,1,22.45,56.44,2.239,2.879
2025-01-12 12:00:00,12,6,1,20.76,61.33,2.879,2.877
2025-01-12 13:00:00,13,6,1,18.27,66.2,2.877,2.634
2025-01-12 14:00:00,14,6,1,18.07,64.4,2.634,2.605
2025-01-12 15:00:00,15,6,1,16.35,64.46,2.605,2.678
2025-01-12 16:00:00,16,6,1,16.3,60.93,2.678,2.253
2025-01-12 17:00:00,17,6,1,16.62,67.28,2.253,2.383
2025-01-12 18:00:00,18,6,1,17.84,59.2,2.383,3.128
2025-01-12 19:00:00,19,6,1,13.77,73.78,3.128,3.769
2025-01-12 20:00:00,20,6,1,19.33,65.95,3.769,3.043
2025-01-12 21:00:00,21,6,1,14.0,62.51,3.043,3.701
2025-01-12 22:00:00,22,6,1,17.73,65.27,3.701,3.149
2025-01-12 23:00:00,23,6,1,20.05,61.2,3.149,3.107
2025-01-13 00:00:00,0,0,0,21.08,65.73,3.107,1.208
2025-01-13 01:00:00,1,0,0,21.02,70.88,1.208,1.278
2025-01-13 02:00:00,2,0,0,22.85,53.34,1.278,1.72
2025-01-13 03:00:00,3,0,0,23.46,62.81,1.72,0.788
2025-01-13 04:00:00,4,0,0,24.11,60.91,0.788,1.839
2025-01-13 05:00:00,5,0,0,26.77,62.94,1.839,2.628
2025-01-13 06:00:00,6,0,0,26.2,61.11,2.628,2.851
2025-01-13 07:00:00,7,0,0,24.45,57.68,2.851,2.39
2025-01-13 08:00:00,8,0,0,26.34,58.33,2.39,3.855
2025-01-13 09:00:00,9,0,0,24.66,57.29,3.855,2.719
2025-01-13 10:00:00,10,0,0,24.38,66.87,2.719,1.964
2025-01-13 11:00:00,11,0,0,22.9,62.79,1.964,2.474
2025-01-13 12:00:00,12,0,0,19.42,74.97,2.474,2.319
2025-01-13 13:00:00,13,0,0,18.53,65.87,2.319,2.016
2025-01-13 14:00:00,14,0,0,19.28,62.03,2.016,2.289
2025-01-13 15:00:00,15,0,0,18.04,59.0,2.289,1.933
2025-01-13 16:00:00,16,0,0,16.3,58.94,1.933,2.393
2025-01-13 17:00:00,17,0,0,16.01,60.27,2.393,2.29
2025-01-13 18:00:00,18,0,0,17.58,68.27,2.29,3.449
2025-01-13 19:00:00,19,0,0,14.95,71.59,3.449,3.29
2025-01-13 20:00:00,20,0,0,17.15,59.37,3.29,3.524
2025-01-13 21:00:00,21,0,0,16.82,72.02,3.524,2.975
2025-01-13 22:00:00,22,0,0,17.84,64.32,2.975,2.586
2025-01-13 23:00:00,23,0,0,21.02,64.92,2.586,2.923
2025-01-14 00:00:00,0,1,0,22.1,71.38,2.923,1.887
2025-01-14 01:00:00,1,1,0,23.38,66.78,1.887,1.096
2025-01-14 02:00:00,2,1,0,25.32,59.4,1.096,1.738
2025-01-14 03:00:00,3,1,0,24.43,57.0,1.738,1.665
2025-01-14 04:00:00,4,1,0,26.22,49.27,1.665,2.244
2025-01-14 05:00:00,5,1,0,25.23,57.22,2.244,1.759
2025-01-14 06:00:00,6,1,0,26.35,58.86,1.759,3.487
2025-01-14 07:00:00,7,1,0,25.5,55.67,3.487,3.604
2025-01-14 08:00:00,8,1,0,25.34,60.07,3.604,3.134
2025-01-14 09:00:00,9,1,0,25.29,61.15,3.134,2.951
2025-01-14 10:00:00,10,1,0,22.14,62.17,2.951,1.731
2025-01-14 11:00:00,11,1,0,25.3,57.51,1.731,2.708
2025-01-14 12:00:00,12,1,0,19.36,66.36,2.708,2.511
2025-01-14 13:00:00,13,1,0,17.75,69.01,2.511,2.369
2025-01-14 14:00:00,14,1,0,20.1,59.47,2.369,2.234
2025-01-14 15:00:00,15,1,0,18.52,73.24,2.234,2.042
2025-01-14 16:00:00,16,1,0,17.47,66.53,2.042,1.845
2025-01-14 17:00:00,17,1,0,16.98,67.51,1.845,2.234
2025-01-14 18:00:00,18,1,0,15.85,71.86,2.234,3.545
2025-01-14 19:00:00,19,1,0,14.69,70.42,3.545,2.814
2025-01-14 20:00:00,20,1,0,16.65,72.45,2.814,3.481
2025-01-14 21:00:00,21,1,0,16.31,69.39,3.481,3.119
2025-01-14 22:00:00,22,1,0,19.83,62.08,3.119,3.232
2025-01-14 23:00:00,23,1,0,19.35,67.33,3.232,2.475
2025-01-15 00:00:00,0,2,0,19.83,59.42,2.475,1.024
2025-01-15 01:00:00,1,2,0,21.88,64.04,1.024,1.313
2025-01-15 02:00:00,2,2,0,24.18,61.49,1.313,1.555
2025-01-15 03:00:00,3,2,0,23.75,60.96,1.555,1.859
2025-01-15 04:00:00,4,2,0,24.16,61.03,1.859,1.715
2025-01-15 05:00:00,5,2,0,26.26,50.58,1.715,2.305
2025-01-15 06:00:00,6,2,0,26.43,57.11,2.305,2.978
2025-01-15 07:00:00,7,2,0,25.13,61.36,2.978,3.204
2025-01-15 08:00:00,8,2,0,24.69,62.05,3.204,2.616
2025-01-15 09:00:00,9,2,0,24.95,55.9,2.616,3.464
2025-01-15 10:00:00,10,2,0,21.39,70.21,3.464,2.047
2025-01-15 11:00:00,11,2,0,20.25,60.47,2.047,2.587
2025-01-15 12:00:00,12,2,0,19.99,69.86,2.587,2.404
2025-01-15 13:00:00,13,2,0,19.45,67.58,2.404,2.216
2025-01-15 14:00:00,14,2,0,19.03,62.54,2.216,2.105
2025-01-15 15:00:00,15,2,0,19.74,74.08,2.105,2.104
2025-01-15 16:00:00,16,2,0,18.02,60.62,2.104,2.225
2025-01-15 17:00:00,17,2,0,15.99,72.8,2.225,2.044
2025-01-15 18:00:00,18,2,0,16.04,73.17,2.044,3.168
2025-01-15 19:00:00,19,2,0,14.73,65.86,3.168,3.159
2025-01-15 20:00:00,20,2,0,16.71,74.6,3.159,3.103
2025-01-15 21:00:00,21,2,0,17.1,66.07,3.103,2.443
2025-01-15 22:00:00,22,2,0,19.05,67.2,2.443,2.996
2025-01-15 23:00:00,23,2,0,18.53,67.48,2.996,2.565
2025-01-16 00:00:00,0,3,0,22.04,62.69,2.565,1.077
2025-01-16 01:00:00,1,3,0,24.86,65.17,1.077,1.228
2025-01-16 02:00:00,2,3,0,23.6,66.09,1.228,0.917
2025-01-16 03:00:00,3,3,0,25.4,51.94,0.917,1.562
2025-01-16 04:00:00,4,3,0,26.63,66.22,1.562,2.225
2025-01-16 05:00:00,5,3,0,25.49,52.29,2.225,2.585
2025-01-16 06:00:00,6,3,0,26.6,64.88,2.585,3.162
2025-01-16 07:00:00,7,3,0,26.11,65.74,3.162,3.284
2025-01-16 08:00:00,8,3,0,25.74,54.95,3.284,3.326
2025-01-16 09:00:00,9,3,0,23.64,60.03,3.326,2.758
2025-01-16 10:00:00,10,3,0,23.8,56.43,2.758,2.099
2025-01-16 11:00:00,11,3,0,23.3,61.28,2.099,1.891
2025-01-16 12:00:00,12,3,0,23.44,60.71,1.891,2.597
2025-01-16 13:00:00,13,3,0,21.41,67.77,2.597,2.702
2025-01-16 14:00:00,14,3,0,21.99,69.96,2.702,1.814
2025-01-16 15:00:00,15,3,0,16.58,74.72,1.814,1.934
2025-01-16 16:00:00,16,3,0,18.24,63.6,1.934,2.048
2025-01-16 17:00:00,17,3,0,16.71,66.59,2.048,1.784
2025-01-16 18:00:00,18,3,0,19.55,56.94,1.784,3.443
2025-01-16 19:00:00,19,3,0,15.22,64.79,3.443,3.018
2025-01-16 20:00:00,20,3,0,15.67,73.29,3.018,3.625
2025-01-16 21:00:00,21,3,0,16.83,75.61,3.625,3.273
2025-01-16 22:00:00,22,3,0,15.58,62.37,3.273,2.935
2025-01-16 23:00:00,23,3,0,19.18,62.69,2.935,3.067
2025-01-17 00:00:00,0,4,0,20.32,64.61,3.067,1.642
2025-01-17 01:00:00,1,4,0,22.98,64.02,1.642,1.209
2025-01-17 02:00:00,2,4,0,24.47,57.37,1.209,1.327
2025-01-17 03:00:00,3,4,0,27.81,60.87,1.327,2.764
2025-01-17 04:00:00,4,4,0,27.22,56.86,2.764,2.823
2025-01-17 05:00:00,5,4,0,25.43,60.59,2.823,2.109
2025-01-17 06:00:00,6,4,0,25.11,63.64,2.109,2.379
2025-01-17 07:00:00,7,4,0,27.03,59.41,2.379,3.36
2025-01-17 08:00:00,8,4,0,23.81,59.77,3.36,2.598
2025-01-17 09:00:00,9,4,0,27.74,58.26,2.598,4.017
2025-01-17 10:00:00,10,4,0,25.73,59.97,4.017,3.217
2025-01-17 11:00:00,11,4,0,22.05,61.51,3.217,1.843
2025-01-17 12:00:00,12,4,0,18.89,64.59,1.843,2.361
2025-01-17 13:00:00,13,4,0,22.2,71.23,2.361,2.622
2025-01-17 14:00:00,14,4,0,18.79,68.77,2.622,2.803
2025-01-17 15:00:00,15,4,0,19.78,63.7,2.803,2.089
2025-01-17 16:00:00,16,4,0,14.74,72.69,2.089,2.241
2025-01-17 17:00:00,17,4,0,15.73,66.74,2.241,2.167
2025-01-17 18:00:00,18,4,0,16.47,73.69,2.167,3.365
2025-01-17 19:00:00,19,4,0,16.7,69.49,3.365,3.175
2025-01-17 20:00:00,20,4,0,16.46,67.3,3.175,3.193
2025-01-17 21:00:00,21,4,0,18.86,68.15,3.193,2.342
2025-01-17 22:00:00,22,4,0,17.36,59.26,2.342,3.052
2025-01-17 23:00:00,23,4,0,19.95,59.4,3.052,2.842
2025-01-18 00:00:00,0,5,1,21.84,57.56,2.842,1.66
2025-01-18 01:00:00,1,5,1,23.72,62.73,1.66,2.212
2025-01-18 02:00:00,2,5,1,25.23,69.48,2.212,1.976
2025-01-18 03:00:00,3,5,1,23.51,73.35,1.976,1.66
2025-01-18 04:00:00,4,5,1,23.69,65.24,1.66,2.33
2025-01-18 05:00:00,5,5,1,28.41,60.78,2.33,3.259
2025-01-18 06:00:00,6,5,1,27.16,50.27,3.259,3.701
2025-01-18 07:00:00,7,5,1,25.37,57.99,3.701,3.291
2025-01-18 08:00:00,8,5,1,28.32,54.41,3.291,4.687
2025-01-18 09:00:00,9,5,1,25.37,57.6,4.687,3.606
2025-01-18 10:00:00,10,5,1,25.93,59.42,3.606,2.82
2025-01-18 11:00:00,11,5,1,23.05,60.2,2.82,2.407
2025-01-18 12:00:00,12,5,1,24.75,51.3,2.407,2.695
2025-01-18 13:00:00,13,5,1,23.0,66.34,2.695,2.581
2025-01-18 14:00:00,14,5,1,18.79,60.61,2.581,2.691
2025-01-18 15:00:00,15,5,1,19.58,66.53,2.691,2.644
2025-01-18 16:00:00,16,5,1,18.3,76.73,2.644,2.024
2025-01-18 17:00:00,17,5,1,18.88,61.3,2.024,2.641
2025-01-18 18:00:00,18,5,1,15.21,56.18,2.641,3.73
2025-01-18 19:00:00,19,5,1,17.86,65.28,3.73,3.896
2025-01-18 20:00:00,20,5,1,18.92,71.37,3.896,3.545
2025-01-18 21:00:00,21,5,1,15.49,78.4,3.545,3.6
2025-01-18 22:00:00,22,5,1,17.38,60.94,3.6,3.348
2025-01-18 23:00:00,23,5,1,17.31,69.64,3.348,3.497
2025-01-19 00:00:00,0,6,1,21.45,61.51,3.497,1.846
2025-01-19 01:00:00,1,6,1,24.23,61.09,1.846,1.754
2025-01-19 02:00:00,2,6,1,26.61,72.93,1.754,3.197
2025-01-19 03:00:00,3,6,1,25.5,53.08,3.197,2.508
2025-01-19 04:00:00,4,6,1,28.63,59.37,2.508,3.595
2025-01-19 05:00:00,5,6,1,24.61,63.65,3.595,1.821
2025-01-19 06:00:00,6,6,1,24.3,66.99,1.821,2.517
2025-01-19 07:00:00,7,6,1,26.6,60.21,2.517,3.834
2025-01-19 08:00:00,8,6,1,26.76,61.13,3.834,3.969
2025-01-19 09:00:00,9,6,1,25.34,58.77,3.969,3.391
2025-01-19 10:00:00,10,6,1,21.25,65.34,3.391,2.503
2025-01-19 11:00:00,11,6,1,23.02,60.87,2.503,2.937
2025-01-19 12:00:00,12,6,1,19.9,68.19,2.937,2.759
2025-01-19 13:00:00,13,6,1,21.57,61.9,2.759,2.315
2025-01-19 14:00:00,14,6,1,19.91,66.96,2.315,2.557
2025-01-19 15:00:00,15,6,1,16.91,67.33,2.557,2.338
2025-01-19 16:00:00,16,6,1,16.75,73.23,2.338,2.371
2025-01-19 17:00:00,17,6,1,15.44,68.39,2.371,2.272
2025-01-19 18:00:00,18,6,1,16.76,58.73,2.272,3.547
2025-01-19 19:00:00,19,6,1,18.46,72.54,3.547,3.236
2025-01-19 20:00:00,20,6,1,16.05,63.63,3.236,3.402
2025-01-19 21:00:00,21,6,1,19.08,62.47,3.402,3.185
2025-01-19 22:00:00,22,6,1,18.56,63.17,3.185,2.499
2025-01-19 23:00:00,23,6,1,19.37,72.37,2.499,3.674
2025-01-20 00:00:00,0,0,0,21.89,52.81,3.674,1.638
2025-01-20 01:00:00,1,0,0,21.79,79.26,1.638,1.256
2025-01-20 02:00:00,2,0,0,23.72,67.3,1.256,1.37
2025-01-20 03:00:00,3,0,0,23.79,63.09,1.37,1.117
2025-01-20 04:00:00,4,0,0,29.33,57.26,1.117,3.77
2025-01-20 05:00:00,5,0,0,26.93,60.88,3.77,3.076
2025-01-20 06:00:00,6,0,0,26.0,62.81,3.076,3.123
2025-01-20 07:00:00,7,0,0,27.2,62.47,3.123,3.876
2025-01-20 08:00:00,8,0,0,26.21,62.81,3.876,3.434
2025-01-20 09:00:00,9,0,0,25.25,61.24,3.434,2.83
2025-01-20 10:00:00,10,0,0,25.47,59.64,2.83,2.53
2025-01-20 11:00:00,11,0,0,24.48,60.66,2.53,2.391
2025-01-20 12:00:00,12,0,0,21.25,63.02,2.391,2.121
2025-01-20 13:00:00,13,0,0,19.89,70.75,2.121,2.195
2025-01-20 14:00:00,14,0,0,19.14,68.66,2.195,2.212
2025-01-20 15:00:00,15,0,0,15.06,54.25,2.212,2.169
2025-01-20 16:00:00,16,0,0,15.45,71.92,2.169,2.131
2025-01-20 17:00:00,17,0,0,19.27,66.56,2.131,1.76
2025-01-20 18:00:00,18,0,0,19.52,65.29,1.76,3.137
2025-01-20 19:00:00,19,0,0,16.85,65.58,3.137,2.879
2025-01-20 20:00:00,20,0,0,18.58,71.75,2.879,3.328
2025-01-20 21:00:00,21,0,0,18.98,70.55,3.328,2.449
2025-01-20 22:00:00,22,0,0,24.17,57.8,2.449,3.229
2025-01-20 23:00:00,23,0,0,22.44,65.09,3.229,3.157
2025-01-21 00:00:00,0,1,0,22.05,58.5,3.157,1.29
2025-01-21 01:00:00,1,1,0,22.1,56.42,1.29,0.699
2025-01-21 02:00:00,2,1,0,22.33,60.0,0.699,1.275
2025-01-21 03:00:00,3,1,0,26.08,64.44,1.275,2.124
2025-01-21 04:00:00,4,1,0,25.44,65.41,2.124,1.733
2025-01-21 05:00:00,5,1,0,24.94,63.61,1.733,1.775
2025-01-21 06:00:00,6,1,0,26.27,63.61,1.775,3.562
2025-01-21 07:00:00,7,1,0,25.45,63.22,3.562,3.174
2025-01-21 08:00:00,8,1,0,29.1,54.51,3.174,4.172
2025-01-21 09:00:00,9,1,0,27.1,61.48,4.172,3.411
2025-01-21 10:00:00,10,1,0,24.73,65.22,3.411,2.293
2025-01-21 11:00:00,11,1,0,25.76,64.16,2.293,2.752
2025-01-21 12:00:00,12,1,0,22.36,69.06,2.752,2.359
2025-01-21 13:00:00,13,1,0,19.66,68.82,2.359,2.116
2025-01-21 14:00:00,14,1,0,22.03,65.13,2.116,2.363
2025-01-21 15:00:00,15,1,0,19.52,70.74,2.363,2.673
2025-01-21 16:00:00,16,1,0,16.36,67.78,2.673,2.322
2025-01-21 17:00:00,17,1,0,17.13,62.89,2.322,2.013
2025-01-21 18:00:00,18,1,0,15.93,67.44,2.013,3.271
2025-01-21 19:00:00,19,1,0,15.34,65.0,3.271,3.111
2025-01-21 20:00:00,20,1,0,19.3,62.18,3.111,3.379
2025-01-21 21:00:00,21,1,0,21.57,63.02,3.379,2.818
2025-01-21 22:00:00,22,1,0,17.65,62.92,2.818,2.893
2025-01-21 23:00:00,23,1,0,21.79,62.02,2.893,2.823
2025-01-22 00:00:00,0,2,0,21.46,54.36,2.823,1.24
2025-01-22 01:00:00,1,2,0,23.0,63.67,1.24,1.007
2025-01-22 02:00:00,2,2,0,24.05,61.77,1.007,1.463
2025-01-22 03:00:00,3,2,0,24.68,57.17,1.463,1.632
2025-01-22 04:00:00,4,2,0,26.84,62.82,1.632,2.601
2025-01-22 05:00:00,5,2,0,26.02,64.87,2.601,2.149
2025-01-22 06:00:00,6,2,0,27.84,50.69,2.149,4.034
2025-01-22 07:00:00,7,2,0,27.19,55.43,4.034,3.398
2025-01-22 08:00:00,8,2,0,26.41,56.03,3.398,3.887
2025-01-22 09:00:00,9,2,0,24.61,56.61,3.887,2.502
2025-01-22 10:00:00,10,2,0,24.07,65.89,2.502,2.252
2025-01-22 11:00:00,11,2,0,24.86,60.14,2.252,2.611
2025-01-22 12:00:00,12,2,0,23.19,61.13,2.611,2.036
2025-01-22 13:00:00,13,2,0,19.68,55.24,2.036,2.356
2025-01-22 14:00:00,14,2,0,20.09,68.11,2.356,2.555
2025-01-22 15:00:00,15,2,0,20.03,58.78,2.555,1.636
2025-01-22 16:00:00,16,2,0,15.6,68.82,1.636,2.244
2025-01-22 17:00:00,17,2,0,18.42,67.65,2.244,1.402
2025-01-22 18:00:00,18,2,0,16.44,74.65,1.402,3.075
2025-01-22 19:00:00,19,2,0,18.46,59.69,3.075,3.607
2025-01-22 20:00:00,20,2,0,16.96,52.33,3.607,2.938
2025-01-22 21:00:00,21,2,0,16.19,68.96,2.938,2.682
2025-01-22 22:00:00,22,2,0,17.5,76.01,2.682,2.832
2025-01-22 23:00:00,23,2,0,21.21,70.22,2.832,3.327
2025-01-23 00:00:00,0,3,0,23.02,63.63,3.327,0.907
2025-01-23 01:00:00,1,3,0,22.57,60.49,0.907,1.087
2025-01-23 02:00:00,2,3,0,26.09,64.17,1.087,2.47
2025-01-23 03:00:00,3,3,0,23.67,57.2,2.47,1.875
2025-01-23 04:00:00,4,3,0,26.86,61.89,1.875,2.457
2025-01-23 05:00:00,5,3,0,25.64,63.01,2.457,1.84
2025-01-23 06:00:00,6,3,0,26.65,64.98,1.84,3.835
2025-01-23 07:00:00,7,3,0,27.53,72.78,3.835,4.134
2025-01-23 08:00:00,8,3,0,25.67,62.43,4.134,3.37
2025-01-23 09:00:00,9,3,0,25.59,57.99,3.37,3.077
2025-01-23 10:00:00,10,3,0,26.64,59.56,3.077,3.029
2025-01-23 11:00:00,11,3,0,23.06,53.71,3.029,2.15
2025-01-23 12:00:00,12,3,0,23.88,58.42,2.15,2.317
2025-01-23 13:00:00,13,3,0,19.64,63.24,2.317,2.613
2025-01-23 14:00:00,14,3,0,20.92,61.64,2.613,2.455
2025-01-23 15:00:00,15,3,0,21.25,64.76,2.455,1.92
2025-01-23 16:00:00,16,3,0,14.59,65.22,1.92,2.462
2025-01-23 17:00:00,17,3,0,16.6,73.32,2.462,2.103
2025-01-23 18:00:00,18,3,0,18.49,66.21,2.103,3.488
2025-01-23 19:00:00,19,3,0,17.49,66.96,3.488,3.567
2025-01-23 20:00:00,20,3,0,18.85,64.28,3.567,2.806
2025-01-23 21:00:00,21,3,0,18.19,67.23,2.806,2.966
2025-01-23 22:00:00,22,3,0,20.26,68.92,2.966,2.749
2025-01-23 23:00:00,23,3,0,21.1,59.78,2.749,2.418
2025-01-24 00:00:00,0,4,0,24.57,58.05,2.418,1.651
2025-01-24 01:00:00,1,4,0,24.49,59.89,1.651,2.151
2025-01-24 02:00:00,2,4,0,25.82,53.61,2.151,1.544
2025-01-24 03:00:00,3,4,0,25.74,56.32,1.544,2.01
2025-01-24 04:00:00,4,4,0,26.42,57.49,2.01,2.488
2025-01-24 05:00:00,5,4,0,27.0,63.77,2.488,2.655
2025-01-24 06:00:00,6,4,0,28.41,59.59,2.655,3.899
2025-01-24 07:00:00,7,4,0,27.02,60.36,3.899,3.231
2025-01-24 08:00:00,8,4,0,27.58,63.19,3.231,3.929
2025-01-24 09:00:00,9,4,0,29.47,56.74,3.929,4.449
2025-01-24 10:00:00,10,4,0,26.62,61.65,4.449,2.489
2025-01-24 11:00:00,11,4,0,23.62,61.59,2.489,2.488
2025-01-24 12:00:00,12,4,0,24.62,62.63,2.488,2.691
2025-01-24 13:00:00,13,4,0,20.91,61.36,2.691,2.263
2025-01-24 14:00:00,14,4,0,17.26,55.0,2.263,2.292
2025-01-24 15:00:00,15,4,0,17.77,66.11,2.292,2.458
2025-01-24 16:00:00,16,4,0,15.68,75.57,2.458,2.174
2025-01-24 17:00:00,17,4,0,17.46,71.66,2.174,2.251
2025-01-24 18:00:00,18,4,0,17.85,71.55,2.251,3.242
2025-01-24 19:00:00,19,4,0,20.5,70.78,3.242,3.528
2025-01-24 20:00:00,20,4,0,18.98,66.26,3.528,3.164
2025-01-24 21:00:00,21,4,0,18.95,66.82,3.164,3.024
2025-01-24 22:00:00,22,4,0,21.56,60.66,3.024,2.564
2025-01-24 23:00:00,23,4,0,18.21,64.85,2.564,2.882
2025-01-25 00:00:00,0,5,1,23.36,65.39,2.882,1.507
2025-01-25 01:00:00,1,5,1,25.46,66.65,1.507,2.05
2025-01-25 02:00:00,2,5,1,23.29,61.67,2.05,1.511
2025-01-25 03:00:00,3,5,1,28.26,56.14,1.511,2.984
2025-01-25 04:00:00,4,5,1,27.84,58.73,2.984,3.708
2025-01-25 05:00:00,5,5,1,27.21,62.24,3.708,3.382
2025-01-25 06:00:00,6,5,1,28.96,50.62,3.382,4.948
2025-01-25 07:00:00,7,5,1,31.24,44.53,4.948,5.079
2025-01-25 08:00:00,8,5,1,27.61,56.16,5.079,4.248
2025-01-25 09:00:00,9,5,1,26.91,53.37,4.248,3.772
2025-01-25 10:00:00,10,5,1,24.82,58.61,3.772,2.58
2025-01-25 11:00:00,11,5,1,23.03,61.84,2.58,2.31
2025-01-25 12:00:00,12,5,1,24.25,59.33,2.31,2.983
2025-01-25 13:00:00,13,5,1,20.43,71.92,2.983,2.501
2025-01-25 14:00:00,14,5,1,20.61,66.14,2.501,2.852
2025-01-25 15:00:00,15,5,1,18.75,67.5,2.852,2.691
2025-01-25 16:00:00,16,5,1,19.39,68.6,2.691,3.044
2025-01-25 17:00:00,17,5,1,18.68,60.36,3.044,2.005
2025-01-25 18:00:00,18,5,1,19.56,70.55,2.005,3.981
2025-01-25 19:00:00,19,5,1,17.41,66.69,3.981,3.837
2025-01-25 20:00:00,20,5,1,18.27,69.74,3.837,3.19
2025-01-25 21:00:00,21,5,1,18.0,61.24,3.19,3.577
2025-01-25 22:00:00,22,5,1,19.84,57.36,3.577,3.316
2025-01-25 23:00:00,23,5,1,22.28,67.27,3.316,3.103
2025-01-26 00:00:00,0,6,1,24.33,63.42,3.103,1.624
2025-01-26 01:00:00,1,6,1,23.1,58.01,1.624,1.52
2025-01-26 02:00:00,2,6,1,27.0,55.05,1.52,3.277
2025-01-26 03:00:00,3,6,1,28.76,63.62,3.277,3.427
2025-01-26 04:00:00,4,6,1,28.14,52.54,3.427,3.478
2025-01-26 05:00:00,5,6,1,30.84,64.54,3.478,4.121
2025-01-26 06:00:00,6,6,1,27.03,54.87,4.121,3.6
2025-01-26 07:00:00,7,6,1,26.16,63.27,3.6,3.875
2025-01-26 08:00:00,8,6,1,24.86,59.47,3.875,2.928
2025-01-26 09:00:00,9,6,1,28.97,60.84,2.928,4.712
2025-01-26 10:00:00,10,6,1,26.67,56.94,4.712,3.413
2025-01-26 11:00:00,11,6,1,24.4,60.66,3.413,2.709
2025-01-26 12:00:00,12,6,1,23.61,62.31,2.709,2.54
2025-01-26 13:00:00,13,6,1,20.21,59.82,2.54,2.699
2025-01-26 14:00:00,14,6,1,24.36,65.21,2.699,2.885
2025-01-26 15:00:00,15,6,1,19.85,62.55,2.885,2.723
2025-01-26 16:00:00,16,6,1,19.03,64.64,2.723,2.222
2025-01-26 17:00:00,17,6,1,19.45,60.47,2.222,2.304
2025-01-26 18:00:00,18,6,1,18.91,53.06,2.304,3.965
2025-01-26 19:00:00,19,6,1,18.7,65.09,3.965,3.774
2025-01-26 20:00:00,20,6,1,17.68,78.92,3.774,3.09
2025-01-26 21:00:00,21,6,1,20.36,68.63,3.09,3.413
2025-01-26 22:00:00,22,6,1,23.52,62.09,3.413,2.737
2025-01-26 23:00:00,23,6,1,23.92,60.55,2.737,3.172
2025-01-27 00:00:00,0,0,0,25.77,60.5,3.172,2.459
2025-01-27 01:00:00,1,0,0,23.91,64.61,2.459,1.113
2025-01-27 02:00:00,2,0,0,24.39,55.58,1.113,1.295
2025-01-27 03:00:00,3,0,0,26.73,65.19,1.295,2.555
2025-01-27 04:00:00,4,0,0,27.79,62.34,2.555,2.423
2025-01-27 05:00:00,5,0,0,29.85,60.71,2.423,3.464
2025-01-27 06:00:00,6,0,0,25.84,62.52,3.464,3.177
2025-01-27 07:00:00,7,0,0,30.5,56.7,3.177,4.617
2025-01-27 08:00:00,8,0,0,27.47,62.39,4.617,3.773
2025-01-27 09:00:00,9,0,0,26.27,62.94,3.773,3.707
2025-01-27 10:00:00,10,0,0,24.36,59.74,3.707,2.35
2025-01-27 11:00:00,11,0,0,22.19,60.38,2.35,2.256
2025-01-27 12:00:00,12,0,0,24.61,61.82,2.256,2.365
2025-01-27 13:00:00,13,0,0,22.19,70.99,2.365,2.343
2025-01-27 14:00:00,14,0,0,18.94,59.65,2.343,2.204
2025-01-27 15:00:00,15,0,0,17.9,59.34,2.204,2.304
2025-01-27 16:00:00,16,0,0,18.54,66.99,2.304,1.994
2025-01-27 17:00:00,17,0,0,21.05,64.41,1.994,1.979
2025-01-27 18:00:00,18,0,0,17.99,67.48,1.979,3.069
2025-01-27 19:00:00,19,0,0,16.29,69.18,3.069,3.191
2025-01-27 20:00:00,20,0,0,18.68,64.94,3.191,2.881
2025-01-27 21:00:00,21,0,0,19.43,72.9,2.881,2.696
2025-01-27 22:00:00,22,0,0,16.83,59.53,2.696,2.946
2025-01-27 23:00:00,23,0,0,22.0,59.25,2.946,2.863
2025-01-28 00:00:00,0,1,0,23.22,61.91,2.863,1.561
2025-01-28 01:00:00,1,1,0,25.9,52.06,1.561,1.908
2025-01-28 02:00:00,2,1,0,28.84,57.05,1.908,3.16
2025-01-28 03:00:00,3,1,0,28.79,66.28,3.16,3.224
2025-01-28 04:00:00,4,1,0,27.49,59.11,3.224,2.814
2025-01-28 05:00:00,5,1,0,26.73,60.77,2.814,2.325
2025-01-28 06:00:00,6,1,0,32.42,48.76,2.325,5.369
2025-01-28 07:00:00,7,1,0,28.48,55.13,5.369,4.159
2025-01-28 08:00:00,8,1,0,27.91,56.79,4.159,3.988
2025-01-28 09:00:00,9,1,0,27.06,57.76,3.988,3.275
2025-01-28 10:00:00,10,1,0,26.36,66.32,3.275,2.984
2025-01-28 11:00:00,11,1,0,24.64,64.08,2.984,2.967
2025-01-28 12:00:00,12,1,0,22.7,57.28,2.967,2.145
2025-01-28 13:00:00,13,1,0,21.45,65.07,2.145,2.068
2025-01-28 14:00:00,14,1,0,21.01,66.68,2.068,2.328
2025-01-28 15:00:00,15,1,0,19.21,71.33,2.328,2.268
2025-01-28 16:00:00,16,1,0,18.16,74.37,2.268,2.416
2025-01-28 17:00:00,17,1,0,18.89,60.81,2.416,1.711
2025-01-28 18:00:00,18,1,0,18.18,62.4,1.711,3.499
2025-01-28 19:00:00,19,1,0,20.99,57.92,3.499,3.348
2025-01-28 20:00:00,20,1,0,15.26,67.63,3.348,3.048
2025-01-28 21:00:00,21,1,0,21.66,66.0,3.048,3.06
2025-01-28 22:00:00,22,1,0,22.93,67.59,3.06,3.139
2025-01-28 23:00:00,23,1,0,19.16,65.29,3.139,3.028
2025-01-29 00:00:00,0,2,0,23.23,60.82,3.028,1.08
2025-01-29 01:00:00,1,2,0,24.48,62.17,1.08,1.724
2025-01-29 02:00:00,2,2,0,24.13,57.52,1.724,1.396
2025-01-29 03:00:00,3,2,0,26.11,70.56,1.396,2.168
2025-01-29 04:00:00,4,2,0,26.41,51.83,2.168,2.343
2025-01-29 05:00:00,5,2,0,31.2,56.96,2.343,4.058
2025-01-29 06:00:00,6,2,0,30.15,67.0,4.058,4.833
2025-01-29 07:00:00,7,2,0,30.48,56.65,4.833,4.748
2025-01-29 08:00:00,8,2,0,29.16,56.72,4.748,4.142
2025-01-29 09:00:00,9,2,0,25.59,58.74,4.142,3.182
2025-01-29 10:00:00,10,2,0,25.46,59.73,3.182,2.673
2025-01-29 11:00:00,11,2,0,25.77,67.25,2.673,3.118
2025-01-29 12:00:00,12,2,0,21.91,52.41,3.118,2.385
2025-01-29 13:00:00,13,2,0,23.52,69.85,2.385,2.037
2025-01-29 14:00:00,14,2,0,20.88,57.17,2.037,2.856
2025-01-29 15:00:00,15,2,0,19.65,63.95,2.856,2.256
2025-01-29 16:00:00,16,2,0,20.48,62.47,2.256,2.437
2025-01-29 17:00:00,17,2,0,19.58,68.28,2.437,1.987
2025-01-29 18:00:00,18,2,0,18.2,58.45,1.987,3.45
2025-01-29 19:00:00,19,2,0,20.65,66.79,3.45,3.41
2025-01-29 20:00:00,20,2,0,17.79,76.89,3.41,3.388
2025-01-29 21:00:00,21,2,0,21.13,57.28,3.388,3.239
2025-01-29 22:00:00,22,2,0,22.13,64.24,3.239,3.1
2025-01-29 23:00:00,23,2,0,21.99,60.1,3.1,2.732
2025-01-30 00:00:00,0,3,0,24.41,63.6,2.732,1.367
2025-01-30 01:00:00,1,3,0,23.34,62.42,1.367,1.433
2025-01-30 02:00:00,2,3,0,27.81,55.54,1.433,2.933
2025-01-30 03:00:00,3,3,0,27.18,61.69,2.933,2.469
2025-01-30 04:00:00,4,3,0,27.47,68.04,2.469,2.963
2025-01-30 05:00:00,5,3,0,30.33,55.78,2.963,4.153
2025-01-30 06:00:00,6,3,0,27.87,62.3,4.153,3.509
2025-01-30 07:00:00,7,3,0,26.64,53.22,3.509,3.216
2025-01-30 08:00:00,8,3,0,25.92,55.48,3.216,3.254
2025-01-30 09:00:00,9,3,0,28.37,60.67,3.254,4.331
2025-01-30 10:00:00,10,3,0,24.5,68.82,4.331,2.164
2025-01-30 11:00:00,11,3,0,27.85,60.5,2.164,3.876
2025-01-30 12:00:00,12,3,0,20.8,62.79,3.876,2.341
2025-01-30 13:00:00,13,3,0,25.18,60.86,2.341,2.671
2025-01-30 14:00:00,14,3,0,21.74,57.35,2.671,1.876
2025-01-30 15:00:00,15,3,0,20.24,67.83,1.876,1.861
2025-01-30 16:00:00,16,3,0,18.78,70.39,1.861,2.188
2025-01-30 17:00:00,17,3,0,19.69,62.98,2.188,1.492
2025-01-30 18:00:00,18,3,0,18.87,63.55,1.492,3.57
2025-01-30 19:00:00,19,3,0,20.75,65.73,3.57,3.16
2025-01-30 20:00:00,20,3,0,19.77,63.0,3.16,3.894
2025-01-30 21:00:00,21,3,0,20.62,64.18,3.894,3.552
2025-01-30 22:00:00,22,3,0,20.88,74.79,3.552,2.836
2025-01-30 23:00:00,23,3,0,22.55,61.73,2.836,2.784
2025-01-31 00:00:00,0,4,0,24.57,59.56,2.784,1.812
2025-01-31 01:00:00,1,4,0,22.83,59.5,1.812,1.776
2025-01-31 02:00:00,2,4,0,24.58,65.06,1.776,1.159
2025-01-31 03:00:00,3,4,0,28.75,57.09,1.159,2.628
2025-01-31 04:00:00,4,4,0,28.69,54.8,2.628,2.968
2025-01-31 05:00:00,5,4,0,28.66,64.68,2.968,3.351
2025-01-31 06:00:00,6,4,0,29.13,64.79,3.351,4.304
2025-01-31 07:00:00,7,4,0,29.46,54.43,4.304,4.677
2025-01-31 08:00:00,8,4,0,27.62,49.57,4.677,3.585
2025-01-31 09:00:00,9,4,0,26.47,64.86,3.585,3.011
2025-01-31 10:00:00,10,4,0,26.9,56.06,3.011,3.347
2025-01-31 11:00:00,11,4,0,23.93,65.81,3.347,1.983
2025-01-31 12:00:00,12,4,0,24.72,51.38,1.983,1.981
2025-01-31 13:00:00,13,4,0,20.26,69.26,1.981,2.286
2025-01-31 14:00:00,14,4,0,23.15,56.43,2.286,2.433
2025-01-31 15:00:00,15,4,0,21.28,67.63,2.433,2.159
2025-01-31 16:00:00,16,4,0,20.16,64.94,2.159,2.004
2025-01-31 17:00:00,17,4,0,20.75,59.63,2.004,1.985
2025-01-31 18:00:00,18,4,0,21.6,61.68,1.985,3.224
2025-01-31 19:00:00,19,4,0,20.8,67.79,3.224,2.863
2025-01-31 20:00:00,20,4,0,17.01,67.92,2.863,2.905
2025-01-31 21:00:00,21,4,0,18.65,69.0,2.905,3.105
2025-01-31 22:00:00,22,4,0,20.67,74.35,3.105,2.962
2025-01-31 23:00:00,23,4,0,22.85,54.9,2.962,2.852
2025-02-01 00:00:00,0,5,1,25.06,69.04,2.852,1.837
2025-02-01 01:00:00,1,5,1,24.49,61.93,1.837,1.825
2025-02-01 02:00:00,2,5,1,27.06,54.86,1.825,2.242
2025-02-01 03:00:00,3,5,1,26.68,53.0,2.242,2.744
2025-02-01 04:00:00,4,5,1,27.69,57.9,2.744,3.482
2025-02-01 05:00:00,5,5,1,27.0,64.01,3.482,2.607
2025-02-01 06:00:00,6,5,1,27.9,58.05,2.607,3.951
2025-02-01 07:00:00,7,5,1,27.08,66.89,3.951,4.011
2025-02-01 08:00:00,8,5,1,27.15,52.03,4.011,4.381
2025-02-01 09:00:00,9,5,1,29.4,57.42,4.381,4.852
2025-02-01 10:00:00,10,5,1,25.36,54.45,4.852,2.77
2025-02-01 11:00:00,11,5,1,29.52,59.2,2.77,3.981
2025-02-01 12:00:00,12,5,1,25.02,65.42,3.981,2.968
2025-02-01 13:00:00,13,5,1,23.26,60.28,2.968,3.111
2025-02-01 14:00:00,14,5,1,20.49,51.58,3.111,2.654
2025-02-01 15:00:00,15,5,1,21.8,64.56,2.654,2.534
2025-02-01 16:00:00,16,5,1,19.09,67.91,2.534,2.549
2025-02-01 17:00:00,17,5,1,19.63,67.31,2.549,2.372
2025-02-01 18:00:00,18,5,1,23.12,68.68,2.372,3.463
2025-02-01 19:00:00,19,5,1,19.31,60.2,3.463,3.756
2025-02-01 20:00:00,20,5,1,21.67,67.06,3.756,3.49
2025-02-01 21:00:00,21,5,1,19.69,71.21,3.49,3.329
2025-02-01 22:00:00,22,5,1,21.73,54.72,3.329,2.988
2025-02-01 23:00:00,23,5,1,25.64,62.08,2.988,4.061
2025-02-02 00:00:00,0,6,1,23.52,59.67,4.061,1.882
2025-02-02 01:00:00,1,6,1,28.47,57.82,1.882,3.126
2025-02-02 02:00:00,2,6,1,28.02,60.32,3.126,3.372
2025-02-02 03:00:00,3,6,1,27.15,56.85,3.372,2.738
2025-02-02 04:00:00,4,6,1,29.73,53.83,2.738,3.643
2025-02-02 05:00:00,5,6,1,30.74,56.58,3.643,4.096
2025-02-02 06:00:00,6,6,1,30.39,51.25,4.096,4.527
2025-02-02 07:00:00,7,6,1,26.93,54.03,4.527,3.994
2025-02-02 08:00:00,8,6,1,27.7,62.24,3.994,3.802
2025-02-02 09:00:00,9,6,1,27.62,53.16,3.802,4.035
2025-02-02 10:00:00,10,6,1,26.84,62.86,4.035,2.945
2025-02-02 11:00:00,11,6,1,26.68,61.97,2.945,3.457
2025-02-02 12:00:00,12,6,1,24.72,52.59,3.457,2.8
2025-02-02 13:00:00,13,6,1,21.16,60.69,2.8,2.518
2025-02-02 14:00:00,14,6,1,22.53,68.95,2.518,2.324
2025-02-02 15:00:00,15,6,1,21.84,58.63,2.324,2.247
2025-02-02 16:00:00,16,6,1,20.97,61.91,2.247,2.584
2025-02-02 17:00:00,17,6,1,21.25,66.31,2.584,2.237
2025-02-02 18:00:00,18,6,1,20.71,68.35,2.237,3.746
2025-02-02 19:00:00,19,6,1,20.32,63.49,3.746,3.329
2025-02-02 20:00:00,20,6,1,20.02,62.0,3.329,3.479
2025-02-02 21:00:00,21,6,1,18.43,73.37,3.479,3.651
2025-02-02 22:00:00,22,6,1,22.6,71.61,3.651,3.378
2025-02-02 23:00:00,23,6,1,23.47,67.12,3.378,3.057
2025-02-03 00:00:00,0,0,0,25.04,61.4,3.057,1.792
2025-02-03 01:00:00,1,0,0,24.01,57.75,1.792,1.293
2025-02-03 02:00:00,2,0,0,25.51,56.44,1.293,1.895
2025-02-03 03:00:00,3,0,0,29.74,59.82,1.895,3.339
2025-02-03 04:00:00,4,0,0,28.9,59.97,3.339,3.156
2025-02-03 05:00:00,5,0,0,30.48,63.62,3.156,3.896
2025-02-03 06:00:00,6,0,0,29.67,60.51,3.896,4.12
2025-02-03 07:00:00,7,0,0,29.5,49.88,4.12,4.172
2025-02-03 08:00:00,8,0,0,30.37,61.97,4.172,4.498
2025-02-03 09:00:00,9,0,0,27.39,54.1,4.498,3.512
2025-02-03 10:00:00,10,0,0,27.27,57.26,3.512,2.96
2025-02-03 11:00:00,11,0,0,25.23,62.07,2.96,2.66
2025-02-03 12:00:00,12,0,0,23.98,71.8,2.66,2.011
2025-02-03 13:00:00,13,0,0,22.87,78.25,2.011,2.378
2025-02-03 14:00:00,14,0,0,22.46,66.06,2.378,2.243
2025-02-03 15:00:00,15,0,0,20.38,63.78,2.243,1.698
2025-02-03 16:00:00,16,0,0,22.18,65.93,1.698,2.282
2025-02-03 17:00:00,17,0,0,18.46,70.67,2.282,2.228
2025-02-03 18:00:00,18,0,0,19.35,63.92,2.228,3.068
2025-02-03 19:00:00,19,0,0,19.14,74.66,3.068,3.305
2025-02-03 20:00:00,20,0,0,22.47,64.17,3.305,2.869
2025-02-03 21:00:00,21,0,0,21.39,66.38,2.869,2.999
2025-02-03 22:00:00,22,0,0,23.68,65.39,2.999,2.566
2025-02-03 23:00:00,23,0,0,21.11,66.22,2.566,2.362
2025-02-04 00:00:00,0,1,0,25.2,65.03,2.362,1.69
2025-02-04 01:00:00,1,1,0,27.43,55.97,1.69,2.519
2025-02-04 02:00:00,2,1,0,27.42,56.27,2.519,2.464
2025-02-04 03:00:00,3,1,0,29.93,51.55,2.464,3.191
2025-02-04 04:00:00,4,1,0,28.35,60.51,3.191,2.906
2025-02-04 05:00:00,5,1,0,31.74,59.5,2.906,4.353
2025-02-04 06:00:00,6,1,0,33.25,56.69,4.353,5.609
2025-02-04 07:00:00,7,1,0,29.09,66.1,5.609,4.326
2025-02-04 08:00:00,8,1,0,28.46,58.2,4.326,4.011
2025-02-04 09:00:00,9,1,0,30.52,59.93,4.011,5.299
2025-02-04 10:00:00,10,1,0,29.67,51.81,5.299,3.809
2025-02-04 11:00:00,11,1,0,25.31,58.82,3.809,2.77
2025-02-04 12:00:00,12,1,0,24.17,65.14,2.77,2.59
2025-02-04 13:00:00,13,1,0,23.08,66.78,2.59,2.37
2025-02-04 14:00:00,14,1,0,20.28,63.3,2.37,2.184
2025-02-04 15:00:00,15,1,0,19.89,64.73,2.184,2.058
2025-02-04 16:00:00,16,1,0,18.96,58.24,2.058,2.377
2025-02-04 17:00:00,17,1,0,18.82,64.16,2.377,1.669
2025-02-04 18:00:00,18,1,0,19.75,69.65,1.669,3.074
2025-02-04 19:00:00,19,1,0,20.32,67.62,3.074,3.101
2025-02-04 20:00:00,20,1,0,22.8,65.27,3.101,3.393
2025-02-04 21:00:00,21,1,0,19.77,65.43,3.393,3.07
2025-02-04 22:00:00,22,1,0,23.78,62.01,3.07,2.64
2025-02-04 23:00:00,23,1,0,23.19,59.15,2.64,2.733
2025-02-05 00:00:00,0,2,0,24.9,64.58,2.733,1.525
2025-02-05 01:00:00,1,2,0,27.28,61.28,1.525,2.319
2025-02-05 02:00:00,2,2,0,25.79,62.83,2.319,2.235
2025-02-05 03:00:00,3,2,0,29.08,55.11,2.235,2.845
2025-02-05 04:00:00,4,2,0,29.55,46.59,2.845,3.826
2025-02-05 05:00:00,5,2,0,30.54,62.06,3.826,4.07
2025-02-05 06:00:00,6,2,0,30.4,54.28,4.07,4.897
2025-02-05 07:00:00,7,2,0,33.48,49.9,4.897,5.703
2025-02-05 08:00:00,8,2,0,28.34,61.79,5.703,4.099
2025-02-05 09:00:00,9,2,0,27.71,56.87,4.099,3.665
2025-02-05 10:00:00,10,2,0,26.53,65.07,3.665,2.874
2025-02-05 11:00:00,11,2,0,25.43,63.74,2.874,2.814
2025-02-05 12:00:00,12,2,0,24.01,65.21,2.814,2.563
2025-02-05 13:00:00,13,2,0,25.46,53.8,2.563,2.484
2025-02-05 14:00:00,14,2,0,24.6,67.38,2.484,2.353
2025-02-05 15:00:00,15,2,0,20.58,65.84,2.353,2.152
2025-02-05 16:00:00,16,2,0,19.39,63.64,2.152,1.769
2025-02-05 17:00:00,17,2,0,20.85,65.04,1.769,2.173
2025-02-05 18:00:00,18,2,0,19.14,56.81,2.173,3.135
2025-02-05 19:00:00,19,2,0,21.09,66.17,3.135,3.151
2025-02-05 20:00:00,20,2,0,20.94,59.1,3.151,2.971
2025-02-05 21:00:00,21,2,0,19.16,58.91,2.971,2.778
2025-02-05 22:00:00,22,2,0,24.79,53.56,2.778,3.157
2025-02-05 23:00:00,23,2,0,26.37,65.47,3.157,3.586
2025-02-06 00:00:00,0,3,0,24.22,58.48,3.586,1.349
2025-02-06 01:00:00,1,3,0,25.85,67.99,1.349,1.815
2025-02-06 02:00:00,2,3,0,28.07,55.87,1.815,2.868
2025-02-06 03:00:00,3,3,0,29.17,49.12,2.868,3.635
2025-02-06 04:00:00,4,3,0,30.45,51.05,3.635,3.776
2025-02-06 05:00:00,5,3,0,32.98,60.79,3.776,4.968
2025-02-06 06:00:00,6,3,0,29.87,56.32,4.968,4.091
2025-02-06 07:00:00,7,3,0,28.77,55.24,4.091,4.209
2025-02-06 08:00:00,8,3,0,27.4,59.88,4.209,3.531
2025-02-06 09:00:00,9,3,0,27.58,61.45,3.531,3.607
2025-02-06 10:00:00,10,3,0,27.59,64.52,3.607,3.189
2025-02-06 11:00:00,11,3,0,29.12,64.94,3.189,4.281
2025-02-06 12:00:00,12,3,0,24.36,59.71,4.281,2.598
2025-02-06 13:00:00,13,3,0,24.18,55.03,2.598,2.373
2025-02-06 14:00:00,14,3,0,22.61,60.84,2.373,1.851
2025-02-06 15:00:00,15,3,0,23.38,63.59,1.851,2.141
2025-02-06 16:00:00,16,3,0,24.6,56.5,2.141,2.403
2025-02-06 17:00:00,17,3,0,19.51,60.61,2.403,2.069
2025-02-06 18:00:00,18,3,0,19.4,67.2,2.069,2.856
2025-02-06 19:00:00,19,3,0,21.87,63.26,2.856,2.977
2025-02-06 20:00:00,20,3,0,21.83,63.7,2.977,3.068
2025-02-06 21:00:00,21,3,0,24.37,57.71,3.068,3.239
2025-02-06 22:00:00,22,3,0,23.51,61.04,3.239,2.333
2025-02-06 23:00:00,23,3,0,23.3,57.74,2.333,2.77
2025-02-07 00:00:00,0,4,0,26.19,64.5,2.77,2.167
2025-02-07 01:00:00,1,4,0,28.26,63.57,2.167,3.053
2025-02-07 02:00:00,2,4,0,29.03,48.54,3.053,3.3
2025-02-07 03:00:00,3,4,0,29.6,52.67,3.3,3.515
2025-02-07 04:00:00,4,4,0,31.23,48.53,3.515,3.813
2025-02-07 05:00:00,5,4,0,31.89,52.24,3.813,3.858
2025-02-07 06:00:00,6,4,0,32.37,54.68,3.858,5.217
2025-02-07 07:00:00,7,4,0,31.1,48.87,5.217,5.237
2025-02-07 08:00:00,8,4,0,29.38,52.89,5.237,4.848
2025-02-07 09:00:00,9,4,0,29.06,52.73,4.848,4.673
2025-02-07 10:00:00,10,4,0,29.61,58.35,4.673,4.19
2025-02-07 11:00:00,11,4,0,25.37,61.05,4.19,2.764
2025-02-07 12:00:00,12,4,0,25.85,56.71,2.764,2.745
2025-02-07 13:00:00,13,4,0,23.42,63.15,2.745,2.217
2025-02-07 14:00:00,14,4,0,22.84,59.99,2.217,2.652
2025-02-07 15:00:00,15,4,0,23.68,60.69,2.652,1.954
2025-02-07 16:00:00,16,4,0,21.26,72.36,1.954,2.522
2025-02-07 17:00:00,17,4,0,20.54,71.27,2.522,1.944
2025-02-07 18:00:00,18,4,0,18.26,59.89,1.944,3.648
2025-02-07 19:00:00,19,4,0,21.59,67.88,3.648,2.848
2025-02-07 20:00:00,20,4,0,21.94,67.51,2.848,3.23
2025-02-07 21:00:00,21,4,0,25.01,55.25,3.23,3.145
2025-02-07 22:00:00,22,4,0,22.34,67.22,3.145,2.528
2025-02-07 23:00:00,23,4,0,24.34,69.22,2.528,2.983
2025-02-08 00:00:00,0,5,1,25.84,54.72,2.983,2.611
2025-02-08 01:00:00,1,5,1,29.12,53.11,2.611,3.282
2025-02-08 02:00:00,2,5,1,27.82,63.83,3.282,2.678
2025-02-08 03:00:00,3,5,1,29.42,58.82,2.678,3.634
2025-02-08 04:00:00,4,5,1,30.71,59.19,3.634,4.157
2025-02-08 05:00:00,5,5,1,30.57,58.24,4.157,4.363
2025-02-08 06:00:00,6,5,1,29.79,59.12,4.363,4.999
2025-02-08 07:00:00,7,5,1,30.59,49.9,4.999,5.14
2025-02-08 08:00:00,8,5,1,31.41,61.11,5.14,6.022
2025-02-08 09:00:00,9,5,1,27.46,64.88,6.022,4.342
2025-02-08 10:00:00,10,5,1,28.16,57.32,4.342,3.839
2025-02-08 11:00:00,11,5,1,25.71,60.22,3.839,2.735
2025-02-08 12:00:00,12,5,1,27.26,51.54,2.735,3.659
2025-02-08 13:00:00,13,5,1,21.89,66.06,3.659,2.516
2025-02-08 14:00:00,14,5,1,22.13,66.16,2.516,2.825
2025-02-08 15:00:00,15,5,1,22.49,62.69,2.825,2.655
2025-02-08 16:00:00,16,5,1,23.48,67.84,2.655,2.173
2025-02-08 17:00:00,17,5,1,20.54,62.9,2.173,2.418
2025-02-08 18:00:00,18,5,1,19.63,68.12,2.418,3.834
2025-02-08 19:00:00,19,5,1,23.46,57.14,3.834,3.932
2025-02-08 20:00:00,20,5,1,18.96,65.71,3.932,3.655
2025-02-08 21:00:00,21,5,1,18.63,65.22,3.655,3.515
2025-02-08 22:00:00,22,5,1,23.62,63.23,3.515,3.247
2025-02-08 23:00:00,23,5,1,23.42,60.42,3.247,3.257
2025-02-09 00:00:00,0,6,1,24.09,61.07,3.257,2.06
2025-02-09 01:00:00,1,6,1,27.98,62.74,2.06,2.76
2025-02-09 02:00:00,2,6,1,28.49,56.02,2.76,3.2
2025-02-09 03:00:00,3,6,1,28.31,50.32,3.2,3.077
2025-02-09 04:00:00,4,6,1,28.03,67.32,3.077,3.339
2025-02-09 05:00:00,5,6,1,31.76,62.5,3.339,4.95
2025-02-09 06:00:00,6,6,1,31.6,49.26,4.95,5.244
2025-02-09 07:00:00,7,6,1,30.31,60.2,5.244,4.46
2025-02-09 08:00:00,8,6,1,32.73,52.3,4.46,5.917
2025-02-09 09:00:00,9,6,1,27.56,60.27,5.917,4.548
2025-02-09 10:00:00,10,6,1,25.84,61.8,4.548,3.246
2025-02-09 11:00:00,11,6,1,25.88,59.12,3.246,3.305
2025-02-09 12:00:00,12,6,1,25.56,56.64,3.305,3.06
2025-02-09 13:00:00,13,6,1,24.7,57.79,3.06,2.524
2025-02-09 14:00:00,14,6,1,22.76,58.21,2.524,2.713
2025-02-09 15:00:00,15,6,1,22.62,58.75,2.713,2.331
2025-02-09 16:00:00,16,6,1,19.42,65.13,2.331,3.014
2025-02-09 17:00:00,17,6,1,22.96,59.05,3.014,2.518
2025-02-09 18:00:00,18,6,1,20.5,68.01,2.518,3.521
2025-02-09 19:00:00,19,6,1,22.47,70.46,3.521,3.397
2025-02-09 20:00:00,20,6,1,21.81,60.65,3.397,3.41
2025-02-09 21:00:00,21,6,1,22.77,63.98,3.41,3.265
2025-02-09 22:00:00,22,6,1,23.98,64.31,3.265,3.511
2025-02-09 23:00:00,23,6,1,25.0,63.36,3.511,3.558
2025-02-10 00:00:00,0,0,0,26.75,59.98,3.558,2.144
2025-02-10 01:00:00,1,0,0,29.07,61.46,2.144,3.598
2025-02-10 02:00:00,2,0,0,28.58,60.55,3.598,2.98
2025-02-10 03:00:00,3,0,0,30.38,50.51,2.98,3.836
2025-02-10 04:00:00,4,0,0,29.98,61.36,3.836,3.422
2025-02-10 05:00:00,5,0,0,32.77,59.22,3.422,4.736
2025-02-10 06:00:00,6,0,0,29.77,53.37,4.736,4.48
2025-02-10 07:00:00,7,0,0,33.31,54.54,4.48,5.288
2025-02-10 08:00:00,8,0,0,30.05,60.37,5.288,5.239
2025-02-10 09:00:00,9,0,0,27.17,58.22,5.239,4.158
2025-02-10 10:00:00,10,0,0,28.48,63.58,4.158,3.585
2025-02-10 11:00:00,11,0,0,26.06,71.97,3.585,2.634
2025-02-10 12:00:00,12,0,0,27.04,55.43,2.634,3.387
2025-02-10 13:00:00,13,0,0,23.51,55.29,3.387,2.272
2025-02-10 14:00:00,14,0,0,22.61,64.43,2.272,2.324
2025-02-10 15:00:00,15,0,0,19.41,69.08,2.324,2.238
2025-02-10 16:00:00,16,0,0,20.77,63.23,2.238,2.245
2025-02-10 17:00:00,17,0,0,17.32,74.41,2.245,2.387
2025-02-10 18:00:00,18,0,0,18.41,59.58,2.387,3.458
2025-02-10 19:00:00,19,0,0,22.09,66.79,3.458,2.938
2025-02-10 20:00:00,20,0,0,22.63,59.86,2.938,3.424
2025-02-10 21:00:00,21,0,0,22.89,71.29,3.424,3.385
2025-02-10 22:00:00,22,0,0,21.83,73.5,3.385,3.67
2025-02-10 23:00:00,23,0,0,24.42,57.63,3.67,2.676
2025-02-11 00:00:00,0,1,0,25.93,57.5,2.676,2.103
2025-02-11 01:00:00,1,1,0,25.5,64.9,2.103,1.353
2025-02-11 02:00:00,2,1,0,30.69,54.51,1.353,3.847
2025-02-11 03:00:00,3,1,0,30.79,56.14,3.847,3.65
2025-02-11 04:00:00,4,1,0,29.94,57.18,3.65,4.041
2025-02-11 05:00:00,5,1,0,30.81,46.75,4.041,3.765
2025-02-11 06:00:00,6,1,0,31.25,55.93,3.765,4.5
2025-02-11 07:00:00,7,1,0,27.71,55.39,4.5,3.68
2025-02-11 08:00:00,8,1,0,29.9,54.62,3.68,4.187
2025-02-11 09:00:00,9,1,0,28.45,65.46,4.187,4.471
2025-02-11 10:00:00,10,1,0,26.94,53.17,4.471,2.63
2025-02-11 11:00:00,11,1,0,26.81,63.62,2.63,3.181
2025-02-11 12:00:00,12,1,0,28.64,56.7,3.181,3.338
2025-02-11 13:00:00,13,1,0,25.61,59.12,3.338,2.732
2025-02-11 14:00:00,14,1,0,22.58,66.89,2.732,2.646
2025-02-11 15:00:00,15,1,0,23.26,64.09,2.646,2.28
2025-02-11 16:00:00,16,1,0,23.71,64.89,2.28,1.902
2025-02-11 17:00:00,17,1,0,22.5,67.84,1.902,2.017
2025-02-11 18:00:00,18,1,0,21.03,62.52,2.017,3.321
2025-02-11 19:00:00,19,1,0,20.14,61.83,3.321,3.318
2025-02-11 20:00:00,20,1,0,22.66,57.45,3.318,2.742
2025-02-11 21:00:00,21,1,0,22.99,58.48,2.742,3.123
2025-02-11 22:00:00,22,1,0,24.78,75.92,3.123,2.48
2025-02-11 23:00:00,23,1,0,25.6,66.74,2.48,3.212
2025-02-12 00:00:00,0,2,0,27.67,52.11,3.212,2.527
2025-02-12 01:00:00,1,2,0,26.58,53.12,2.527,2.413
2025-02-12 02:00:00,2,2,0,30.57,58.95,2.413,3.67
2025-02-12 03:00:00,3,2,0,29.93,59.8,3.67,3.133
2025-02-12 04:00:00,4,2,0,33.54,56.92,3.133,4.573
2025-02-12 05:00:00,5,2,0,29.89,55.81,4.573,3.686
2025-02-12 06:00:00,6,2,0,33.7,53.41,3.686,5.758
2025-02-12 07:00:00,7,2,0,31.22,57.66,5.758,4.882
2025-02-12 08:00:00,8,2,0,29.45,57.87,4.882,4.402
2025-02-12 09:00:00,9,2,0,28.9,46.78,4.402,4.615
2025-02-12 10:00:00,10,2,0,28.11,57.36,4.615,3.428
2025-02-12 11:00:00,11,2,0,28.02,54.32,3.428,3.576
2025-02-12 12:00:00,12,2,0,26.88,60.37,3.576,3.784
2025-02-12 13:00:00,13,2,0,23.94,76.78,3.784,1.894
2025-02-12 14:00:00,14,2,0,23.56,63.99,1.894,1.772
2025-02-12 15:00:00,15,2,0,25.77,58.82,1.772,3.006
2025-02-12 16:00:00,16,2,0,24.35,66.13,3.006,2.073
2025-02-12 17:00:00,17,2,0,21.92,65.88,2.073,1.945
2025-02-12 18:00:00,18,2,0,21.15,66.18,1.945,3.121
2025-02-12 19:00:00,19,2,0,21.44,66.88,3.121,3.135
2025-02-12 20:00:00,20,2,0,22.68,73.14,3.135,3.483
2025-02-12 21:00:00,21,2,0,21.02,58.53,3.483,3.176
2025-02-12 22:00:00,22,2,0,23.21,64.8,3.176,3.097
2025-02-12 23:00:00,23,2,0,22.3,58.53,3.097,2.456
2025-02-13 00:00:00,0,3,0,26.84,62.3,2.456,2.073
2025-02-13 01:00:00,1,3,0,28.51,53.6,2.073,2.219
2025-02-13 02:00:00,2,3,0,28.02,56.5,2.219,2.57
2025-02-13 03:00:00,3,3,0,32.14,53.81,2.57,4.499
2025-02-13 04:00:00,4,3,0,28.74,62.89,4.499,3.269
2025-02-13 05:00:00,5,3,0,28.88,62.49,3.269,3.227
2025-02-13 06:00:00,6,3,0,31.58,49.51,3.227,5.031
2025-02-13 07:00:00,7,3,0,32.64,55.16,5.031,5.353
2025-02-13 08:00:00,8,3,0,33.1,50.97,5.353,5.853
2025-02-13 09:00:00,9,3,0,29.09,51.43,5.853,4.699
2025-02-13 10:00:00,10,3,0,30.36,55.62,4.699,3.941
2025-02-13 11:00:00,11,3,0,27.48,57.47,3.941,3.483
2025-02-13 12:00:00,12,3,0,25.99,72.35,3.483,3.163
2025-02-13 13:00:00,13,3,0,26.28,62.14,3.163,2.943
2025-02-13 14:00:00,14,3,0,24.72,54.33,2.943,2.663
2025-02-13 15:00:00,15,3,0,20.34,61.9,2.663,2.893
2025-02-13 16:00:00,16,3,0,24.13,66.8,2.893,2.137
2025-02-13 17:00:00,17,3,0,23.49,72.65,2.137,2.123
2025-02-13 18:00:00,18,3,0,20.31,56.83,2.123,3.132
2025-02-13 19:00:00,19,3,0,22.01,53.99,3.132,3.245
2025-02-13 20:00:00,20,3,0,22.66,72.23,3.245,3.199
2025-02-13 21:00:00,21,3,0,23.1,64.47,3.199,3.024
2025-02-13 22:00:00,22,3,0,22.92,58.32,3.024,2.627
2025-02-13 23:00:00,23,3,0,23.94,64.52,2.627,2.862
2025-02-14 00:00:00,0,4,0,26.36,46.74,2.862,2.555
2025-02-14 01:00:00,1,4,0,29.45,57.46,2.555,3.368
2025-02-14 02:00:00,2,4,0,29.71,58.87,3.368,3.604
2025-02-14 03:00:00,3,4,0,29.37,62.12,3.604,3.232
2025-02-14 04:00:00,4,4,0,31.88,50.43,3.232,4.428
2025-02-14 05:00:00,5,4,0,26.95,59.87,4.428,2.677
2025-02-14 06:00:00,6,4,0,33.12,49.88,2.677,5.337
2025-02-14 07:00:00,7,4,0,28.61,59.39,5.337,4.194
2025-02-14 08:00:00,8,4,0,30.18,52.38,4.194,4.532
2025-02-14 09:00:00,9,4,0,28.25,56.36,4.532,4.054
2025-02-14 10:00:00,10,4,0,26.95,54.46,4.054,3.199
2025-02-14 11:00:00,11,4,0,29.43,60.71,3.199,4.164
2025-02-14 12:00:00,12,4,0,25.69,64.74,4.164,2.53
2025-02-14 13:00:00,13,4,0,25.62,59.33,2.53,3.08
2025-02-14 14:00:00,14,4,0,23.82,62.13,3.08,2.378
2025-02-14 15:00:00,15,4,0,23.57,54.9,2.378,2.014
2025-02-14 16:00:00,16,4,0,22.18,61.76,2.014,1.734
2025-02-14 17:00:00,17,4,0,19.64,65.04,1.734,1.989
2025-02-14 18:00:00,18,4,0,22.89,75.79,1.989,3.205
2025-02-14 19:00:00,19,4,0,20.82,58.78,3.205,3.228
2025-02-14 20:00:00,20,4,0,19.73,72.54,3.228,2.993
2025-02-14 21:00:00,21,4,0,22.22,68.21,2.993,2.473
2025-02-14 22:00:00,22,4,0,26.14,61.49,2.473,3.535
2025-02-14 23:00:00,23,4,0,26.37,68.69,3.535,3.565
2025-02-15 00:00:00,0,5,1,26.02,62.05,3.565,2.58
2025-02-15 01:00:00,1,5,1,27.31,61.1,2.58,2.684
2025-02-15 02:00:00,2,5,1,28.56,57.89,2.684,3.73
2025-02-15 03:00:00,3,5,1,33.19,60.57,3.73,4.499
2025-02-15 04:00:00,4,5,1,31.44,61.33,4.499,4.765
2025-02-15 05:00:00,5,5,1,32.01,52.26,4.765,4.674
2025-02-15 06:00:00,6,5,1,33.09,47.94,4.674,6.128
2025-02-15 07:00:00,7,5,1,31.73,54.6,6.128,5.575
2025-02-15 08:00:00,8,5,1,30.48,52.61,5.575,5.52
2025-02-15 09:00:00,9,5,1,29.78,56.86,5.52,5.001
2025-02-15 10:00:00,10,5,1,28.93,64.04,5.001,3.92
2025-02-15 11:00:00,11,5,1,27.78,56.49,3.92,4.217
2025-02-15 12:00:00,12,5,1,27.63,58.68,4.217,3.827
2025-02-15 13:00:00,13,5,1,25.32,61.03,3.827,3.119
2025-02-15 14:00:00,14,5,1,25.14,65.13,3.119,3.292
2025-02-15 15:00:00,15,5,1,22.88,51.46,3.292,2.282
2025-02-15 16:00:00,16,5,1,22.33,60.1,2.282,2.617
2025-02-15 17:00:00,17,5,1,18.71,67.09,2.617,2.228
2025-02-15 18:00:00,18,5,1,22.91,68.67,2.228,3.633
2025-02-15 19:00:00,19,5,1,22.23,60.76,3.633,3.568
2025-02-15 20:00:00,20,5,1,23.71,52.65,3.568,3.058
2025-02-15 21:00:00,21,5,1,18.66,69.17,3.058,3.13
2025-02-15 22:00:00,22,5,1,27.17,56.09,3.13,4.68
2025-02-15 23:00:00,23,5,1,25.04,55.02,4.68,3.745
2025-02-16 00:00:00,0,6,1,28.35,55.2,3.745,3.221
2025-02-16 01:00:00,1,6,1,26.42,58.94,3.221,2.607
2025-02-16 02:00:00,2,6,1,30.1,53.89,2.607,3.778
2025-02-16 03:00:00,3,6,1,28.64,47.06,3.778,3.723
2025-02-16 04:00:00,4,6,1,30.08,61.42,3.723,3.909
2025-02-16 05:00:00,5,6,1,34.38,59.87,3.909,5.618
2025-02-16 06:00:00,6,6,1,31.4,59.14,5.618,5.609
2025-02-16 07:00:00,7,6,1,31.84,49.84,5.609,5.399
2025-02-16 08:00:00,8,6,1,32.32,54.14,5.399,6.268
2025-02-16 09:00:00,9,6,1,30.96,56.2,6.268,5.129
2025-02-16 10:00:00,10,6,1,29.41,60.47,5.129,4.769
2025-02-16 11:00:00,11,6,1,28.53,61.52,4.769,4.03
2025-02-16 12:00:00,12,6,1,30.29,53.1,4.03,4.725
2025-02-16 13:00:00,13,6,1,25.3,61.17,4.725,2.584
2025-02-16 14:00:00,14,6,1,24.49,63.7,2.584,2.641
2025-02-16 15:00:00,15,6,1,24.72,68.5,2.641,2.533
2025-02-16 16:00:00,16,6,1,24.01,65.31,2.533,2.32
2025-02-16 17:00:00,17,6,1,23.63,66.04,2.32,2.341
2025-02-16 18:00:00,18,6,1,22.64,63.31,2.341,3.906
2025-02-16 19:00:00,19,6,1,20.14,71.94,3.906,3.602
2025-02-16 20:00:00,20,6,1,24.8,63.21,3.602,3.792
2025-02-16 21:00:00,21,6,1,21.43,59.55,3.792,3.051
2025-02-16 22:00:00,22,6,1,24.64,68.31,3.051,3.235
2025-02-16 23:00:00,23,6,1,24.26,65.08,3.235,3.7
2025-02-17 00:00:00,0,0,0,26.73,57.4,3.7,2.137
2025-02-17 01:00:00,1,0,0,28.61,55.71,2.137,3.378
2025-02-17 02:00:00,2,0,0,29.81,58.64,3.378,3.337
2025-02-17 03:00:00,3,0,0,30.99,58.52,3.337,3.859
2025-02-17 04:00:00,4,0,0,33.58,55.13,3.859,5.101
2025-02-17 05:00:00,5,0,0,32.33,56.69,5.101,4.81
2025-02-17 06:00:00,6,0,0,31.46,64.33,4.81,4.966
2025-02-17 07:00:00,7,0,0,33.1,59.88,4.966,5.588
2025-02-17 08:00:00,8,0,0,32.94,55.6,5.588,5.731
2025-02-17 09:00:00,9,0,0,28.52,62.89,5.731,4.391
2025-02-17 10:00:00,10,0,0,30.22,51.66,4.391,4.518
2025-02-17 11:00:00,11,0,0,29.17,59.65,4.518,4.001
2025-02-17 12:00:00,12,0,0,26.38,68.94,4.001,3.222
2025-02-17 13:00:00,13,0,0,27.59,57.83,3.222,3.918
2025-02-17 14:00:00,14,0,0,24.1,57.48,3.918,2.365
2025-02-17 15:00:00,15,0,0,23.48,58.96,2.365,2.268
2025-02-17 16:00:00,16,0,0,22.24,57.76,2.268,1.738
2025-02-17 17:00:00,17,0,0,22.02,59.46,1.738,1.367
2025-02-17 18:00:00,18,0,0,20.18,63.0,1.367,3.414
2025-02-17 19:00:00,19,0,0,19.84,58.1,3.414,3.176
2025-02-17 20:00:00,20,0,0,24.89,61.17,3.176,3.265
2025-02-17 21:00:00,21,0,0,22.02,67.9,3.265,3.036
2025-02-17 22:00:00,22,0,0,22.84,58.19,3.036,2.867
2025-02-17 23:00:00,23,0,0,22.3,70.76,2.867,3.092
2025-02-18 00:00:00,0,1,0,26.01,62.75,3.092,2.089
2025-02-18 01:00:00,1,1,0,26.27,65.13,2.089,1.959
2025-02-18 02:00:00,2,1,0,31.93,52.17,1.959,4.387
2025-02-18 03:00:00,3,1,0,32.01,59.66,4.387,4.161
2025-02-18 04:00:00,4,1,0,30.26,51.33,4.161,3.805
2025-02-18 05:00:00,5,1,0,35.17,57.31,3.805,5.366
2025-02-18 06:00:00,6,1,0,33.44,55.11,5.366,5.524
2025-02-18 07:00:00,7,1,0,31.31,58.72,5.524,5.078
2025-02-18 08:00:00,8,1,0,27.54,53.09,5.078,3.86
2025-02-18 09:00:00,9,1,0,33.94,49.38,3.86,6.322
2025-02-18 10:00:00,10,1,0,27.38,62.08,6.322,3.234
2025-02-18 11:00:00,11,1,0,25.79,55.63,3.234,2.357
2025-02-18 12:00:00,12,1,0,28.5,60.52,2.357,3.701
2025-02-18 13:00:00,13,1,0,29.33,50.7,3.701,4.314
2025-02-18 14:00:00,14,1,0,26.54,64.01,4.314,3.049
2025-02-18 15:00:00,15,1,0,24.27,55.42,3.049,2.224
2025-02-18 16:00:00,16,1,0,23.53,64.94,2.224,2.365
2025-02-18 17:00:00,17,1,0,23.41,65.4,2.365,1.847
2025-02-18 18:00:00,18,1,0,23.1,59.03,1.847,2.931
2025-02-18 19:00:00,19,1,0,22.56,65.87,2.931,3.16
2025-02-18 20:00:00,20,1,0,22.79,64.07,3.16,2.962
2025-02-18 21:00:00,21,1,0,23.33,59.64,2.962,2.733
2025-02-18 22:00:00,22,1,0,23.33,57.29,2.733,2.838
2025-02-18 23:00:00,23,1,0,25.25,50.99,2.838,3.37
2025-02-19 00:00:00,0,2,0,24.56,63.1,3.37,1.559
2025-02-19 01:00:00,1,2,0,28.25,50.58,1.559,2.913
2025-02-19 02:00:00,2,2,0,28.12,58.98,2.913,3.26
2025-02-19 03:00:00,3,2,0,28.98,56.5,3.26,3.068
2025-02-19 04:00:00,4,2,0,31.7,59.04,3.068,4.246
2025-02-19 05:00:00,5,2,0,34.02,52.28,4.246,4.954
2025-02-19 06:00:00,6,2,0,33.48,52.57,4.954,5.489
2025-02-19 07:00:00,7,2,0,29.57,61.0,5.489,4.305
2025-02-19 08:00:00,8,2,0,29.95,58.72,4.305,4.578
2025-02-19 09:00:00,9,2,0,32.05,56.94,4.578,5.631
2025-02-19 10:00:00,10,2,0,28.13,60.85,5.631,4.15
2025-02-19 11:00:00,11,2,0,28.06,50.88,4.15,3.431
2025-02-19 12:00:00,12,2,0,27.92,62.44,3.431,3.504
2025-02-19 13:00:00,13,2,0,24.35,64.58,3.504,2.358
2025-02-19 14:00:00,14,2,0,24.76,56.11,2.358,2.599
2025-02-19 15:00:00,15,2,0,21.56,62.53,2.599,2.256
2025-02-19 16:00:00,16,2,0,21.87,63.31,2.256,2.439
2025-02-19 17:00:00,17,2,0,22.75,62.13,2.439,1.418
2025-02-19 18:00:00,18,2,0,19.71,66.9,1.418,2.72
2025-02-19 19:00:00,19,2,0,22.93,69.81,2.72,3.076
2025-02-19 20:00:00,20,2,0,22.74,68.22,3.076,3.358
2025-02-19 21:00:00,21,2,0,24.39,54.92,3.358,2.721
2025-02-19 22:00:00,22,2,0,24.94,64.16,2.721,2.457
2025-02-19 23:00:00,23,2,0,27.85,65.36,2.457,4.301
2025-02-20 00:00:00,0,3,0,27.42,61.0,4.301,2.624
2025-02-20 01:00:00,1,3,0,27.88,64.15,2.624,2.436
2025-02-20 02:00:00,2,3,0,29.92,67.13,2.436,3.19
2025-02-20 03:00:00,3,3,0,31.58,60.85,3.19,3.822
2025-02-20 04:00:00,4,3,0,31.64,56.94,3.822,4.182
2025-02-20 05:00:00,5,3,0,32.12,60.53,4.182,4.262
2025-02-20 06:00:00,6,3,0,31.18,56.78,4.262,5.02
2025-02-20 07:00:00,7,3,0,31.07,56.26,5.02,4.26
2025-02-20 08:00:00,8,3,0,29.46,55.68,4.26,4.313
2025-02-20 09:00:00,9,3,0,33.39,62.1,4.313,5.731
2025-02-20 10:00:00,10,3,0,27.87,54.61,5.731,3.408
2025-02-20 11:00:00,11,3,0,27.49,66.67,3.408,3.276
2025-02-20 12:00:00,12,3,0,26.16,62.58,3.276,3.189
2025-02-20 13:00:00,13,3,0,27.28,52.18,3.189,2.934
2025-02-20 14:00:00,14,3,0,24.29,63.41,2.934,2.348
2025-02-20 15:00:00,15,3,0,25.57,50.04,2.348,2.878
2025-02-20 16:00:00,16,3,0,21.89,66.61,2.878,2.582
2025-02-20 17:00:00,17,3,0,22.82,67.17,2.582,1.905
2025-02-20 18:00:00,18,3,0,20.98,61.25,1.905,3.398
2025-02-20 19:00:00,19,3,0,25.62,61.12,3.398,3.316
2025-02-20 20:00:00,20,3,0,21.12,73.87,3.316,2.486
2025-02-20 21:00:00,21,3,0,24.16,59.14,2.486,3.243
2025-02-20 22:00:00,22,3,0,25.68,55.16,3.243,3.47
2025-02-20 23:00:00,23,3,0,26.56,67.16,3.47,4.001
2025-02-21 00:00:00,0,4,0,27.09,69.14,4.001,2.102
2025-02-21 01:00:00,1,4,0,28.46,58.25,2.102,3.042
2025-02-21 02:00:00,2,4,0,29.93,62.11,3.042,3.908
2025-02-21 03:00:00,3,4,0,30.68,63.16,3.908,3.853
2025-02-21 04:00:00,4,4,0,33.14,50.78,3.853,4.75
2025-02-21 05:00:00,5,4,0,35.51,50.17,4.75,5.605
2025-02-21 06:00:00,6,4,0,31.53,61.93,5.605,4.625
2025-02-21 07:00:00,7,4,0,30.14,65.31,4.625,4.987
2025-02-21 08:00:00,8,4,0,31.56,58.57,4.987,5.11
2025-02-21 09:00:00,9,4,0,34.77,48.79,5.11,6.62
2025-02-21 10:00:00,10,4,0,28.66,68.01,6.62,3.358
2025-02-21 11:00:00,11,4,0,31.12,53.45,3.358,4.386
2025-02-21 12:00:00,12,4,0,29.88,55.42,4.386,4.651
2025-02-21 13:00:00,13,4,0,25.24,62.52,4.651,2.597
2025-02-21 14:00:00,14,4,0,25.72,68.2,2.597,3.199
2025-02-21 15:00:00,15,4,0,26.27,64.25,3.199,2.965
2025-02-21 16:00:00,16,4,0,22.46,65.1,2.965,1.658
2025-02-21 17:00:00,17,4,0,22.23,65.53,1.658,2.248
2025-02-21 18:00:00,18,4,0,21.49,64.02,2.248,3.169
2025-02-21 19:00:00,19,4,0,21.01,66.98,3.169,3.375
2025-02-21 20:00:00,20,4,0,22.06,50.7,3.375,3.09
2025-02-21 21:00:00,21,4,0,21.99,61.92,3.09,2.589
2025-02-21 22:00:00,22,4,0,24.91,62.27,2.589,3.243
2025-02-21 23:00:00,23,4,0,24.91,55.31,3.243,3.679
2025-02-22 00:00:00,0,5,1,27.84,60.66,3.679,3.183
2025-02-22 01:00:00,1,5,1,26.45,58.82,3.183,2.544
2025-02-22 02:00:00,2,5,1,30.49,65.39,2.544,4.255
2025-02-22 03:00:00,3,5,1,32.28,63.04,4.255,4.71
2025-02-22 04:00:00,4,5,1,28.83,55.61,4.71,3.575
2025-02-22 05:00:00,5,5,1,32.88,53.94,3.575,4.761
2025-02-22 06:00:00,6,5,1,34.33,53.16,4.761,6.408
2025-02-22 07:00:00,7,5,1,30.51,54.34,6.408,5.386
2025-02-22 08:00:00,8,5,1,34.33,54.51,5.386,6.373
2025-02-22 09:00:00,9,5,1,31.66,51.88,6.373,6.111
2025-02-22 10:00:00,10,5,1,28.93,52.2,6.111,4.172
2025-02-22 11:00:00,11,5,1,28.7,61.15,4.172,3.963
2025-02-22 12:00:00,12,5,1,28.33,61.48,3.963,4.349
2025-02-22 13:00:00,13,5,1,26.31,55.93,4.349,3.337
2025-02-22 14:00:00,14,5,1,25.8,64.84,3.337,3.404
2025-02-22 15:00:00,15,5,1,22.57,59.78,3.404,2.467
2025-02-22 16:00:00,16,5,1,23.42,63.53,2.467,2.453
2025-02-22 17:00:00,17,5,1,20.54,68.67,2.453,2.498
2025-02-22 18:00:00,18,5,1,22.32,62.97,2.498,3.739
2025-02-22 19:00:00,19,5,1,21.31,66.23,3.739,3.051
2025-02-22 20:00:00,20,5,1,22.06,60.77,3.051,3.153
2025-02-22 21:00:00,21,5,1,25.81,59.37,3.153,4.191
2025-02-22 22:00:00,22,5,1,26.63,58.67,4.191,4.119
2025-02-22 23:00:00,23,5,1,27.11,55.58,4.119,4.118
2025-02-23 00:00:00,0,6,1,25.98,59.33,4.118,2.068
2025-02-23 01:00:00,1,6,1,28.44,50.51,2.068,2.983
2025-02-23 02:00:00,2,6,1,31.94,53.0,2.983,3.987
2025-02-23 03:00:00,3,6,1,31.36,54.48,3.987,4.313
2025-02-23 04:00:00,4,6,1,35.43,51.38,4.313,5.681
2025-02-23 05:00:00,5,6,1,33.04,53.36,5.681,4.846
2025-02-23 06:00:00,6,6,1,32.9,54.37,4.846,5.833
2025-02-23 07:00:00,7,6,1,31.98,57.81,5.833,5.735
2025-02-23 08:00:00,8,6,1,32.15,59.66,5.735,6.341
2025-02-23 09:00:00,9,6,1,30.92,53.01,6.341,5.12
2025-02-23 10:00:00,10,6,1,31.18,50.04,5.12,5.271
2025-02-23 11:00:00,11,6,1,30.35,51.51,5.271,5.004
2025-02-23 12:00:00,12,6,1,26.44,57.41,5.004,3.243
2025-02-23 13:00:00,13,6,1,24.33,59.78,3.243,2.765
2025-02-23 14:00:00,14,6,1,22.36,59.26,2.765,2.47
2025-02-23 15:00:00,15,6,1,24.84,54.65,2.47,2.881
2025-02-23 16:00:00,16,6,1,21.63,61.41,2.881,2.845
2025-02-23 17:00:00,17,6,1,19.56,66.26,2.845,2.526
2025-02-23 18:00:00,18,6,1,23.2,65.42,2.526,3.794
2025-02-23 19:00:00,19,6,1,26.53,56.99,3.794,4.327
2025-02-23 20:00:00,20,6,1,23.28,60.31,4.327,3.063
2025-02-23 21:00:00,21,6,1,25.34,56.1,3.063,3.741
2025-02-23 22:00:00,22,6,1,25.24,60.65,3.741,3.967
2025-02-23 23:00:00,23,6,1,26.17,55.82,3.967,3.539
2025-02-24 00:00:00,0,0,0,29.12,60.57,3.539,2.893
2025-02-24 01:00:00,1,0,0,28.6,49.19,2.893,2.991
2025-02-24 02:00:00,2,0,0,30.64,54.69,2.991,3.443
2025-02-24 03:00:00,3,0,0,31.76,57.1,3.443,3.927
2025-02-24 04:00:00,4,0,0,31.07,57.07,3.927,3.849
2025-02-24 05:00:00,5,0,0,34.06,67.22,3.849,4.753
2025-02-24 06:00:00,6,0,0,32.48,56.77,4.753,5.107
2025-02-24 07:00:00,7,0,0,31.43,50.83,5.107,5.278
2025-02-24 08:00:00,8,0,0,32.87,54.22,5.278,5.395
2025-02-24 09:00:00,9,0,0,29.93,48.18,5.395,4.4
2025-02-24 10:00:00,10,0,0,30.28,56.37,4.4,4.159
2025-02-24 11:00:00,11,0,0,29.02,53.62,4.159,4.129
2025-02-24 12:00:00,12,0,0,29.37,62.08,4.129,4.064
2025-02-24 13:00:00,13,0,0,27.16,56.53,4.064,3.239
2025-02-24 14:00:00,14,0,0,25.2,60.26,3.239,2.666
2025-02-24 15:00:00,15,0,0,25.43,57.48,2.666,2.254
2025-02-24 16:00:00,16,0,0,25.49,69.3,2.254,2.765
2025-02-24 17:00:00,17,0,0,23.75,60.4,2.765,2.121
2025-02-24 18:00:00,18,0,0,22.75,71.96,2.121,3.214
2025-02-24 19:00:00,19,0,0,20.94,68.32,3.214,3.451
2025-02-24 20:00:00,20,0,0,21.81,65.96,3.451,2.802
2025-02-24 21:00:00,21,0,0,23.75,63.85,2.802,3.257
2025-02-24 22:00:00,22,0,0,24.32,63.51,3.257,3.034
2025-02-24 23:00:00,23,0,0,26.16,50.43,3.034,3.484
2025-02-25 00:00:00,0,1,0,27.94,57.25,3.484,2.74
2025-02-25 01:00:00,1,1,0,29.95,61.27,2.74,3.404
2025-02-25 02:00:00,2,1,0,30.25,56.55,3.404,3.859
2025-02-25 03:00:00,3,1,0,32.12,48.28,3.859,3.984
2025-02-25 04:00:00,4,1,0,32.28,54.91,3.984,4.191
2025-02-25 05:00:00,5,1,0,29.72,65.74,4.191,3.838
2025-02-25 06:00:00,6,1,0,31.45,62.08,3.838,4.842
2025-02-25 07:00:00,7,1,0,32.47,54.71,4.842,5.69
2025-02-25 08:00:00,8,1,0,30.37,61.46,5.69,5.272
2025-02-25 09:00:00,9,1,0,32.29,53.33,5.272,5.527
2025-02-25 10:00:00,10,1,0,32.65,46.36,5.527,5.317
2025-02-25 11:00:00,11,1,0,30.98,51.59,5.317,4.344
2025-02-25 12:00:00,12,1,0,27.54,66.78,4.344,3.661
2025-02-25 13:00:00,13,1,0,28.8,56.59,3.661,3.98
2025-02-25 14:00:00,14,1,0,25.58,59.32,3.98,2.906
2025-02-25 15:00:00,15,1,0,23.82,60.45,2.906,2.028
2025-02-25 16:00:00,16,1,0,22.61,72.43,2.028,1.703
2025-02-25 17:00:00,17,1,0,22.57,71.07,1.703,2.151
2025-02-25 18:00:00,18,1,0,22.28,74.27,2.151,2.801
2025-02-25 19:00:00,19,1,0,23.28,61.58,2.801,3.121
2025-02-25 20:00:00,20,1,0,23.77,63.46,3.121,3.319
2025-02-25 21:00:00,21,1,0,24.33,53.96,3.319,3.137
2025-02-25 22:00:00,22,1,0,26.01,67.57,3.137,4.073
2025-02-25 23:00:00,23,1,0,28.35,52.48,4.073,4.589
2025-02-26 00:00:00,0,2,0,29.4,58.57,4.589,3.091
2025-02-26 01:00:00,1,2,0,27.04,53.88,3.091,2.421
2025-02-26 02:00:00,2,2,0,26.64,56.74,2.421,2.279
2025-02-26 03:00:00,3,2,0,32.91,50.48,2.279,4.134
2025-02-26 04:00:00,4,2,0,30.25,53.76,4.134,3.436
2025-02-26 05:00:00,5,2,0,32.47,52.33,3.436,4.398
2025-02-26 06:00:00,6,2,0,31.22,53.28,4.398,4.401
2025-02-26 07:00:00,7,2,0,30.1,61.09,4.401,4.647
2025-02-26 08:00:00,8,2,0,33.12,48.98,4.647,5.745
2025-02-26 09:00:00,9,2,0,32.65,55.98,5.745,5.334
2025-02-26 10:00:00,10,2,0,29.61,63.4,5.334,4.182
2025-02-26 11:00:00,11,2,0,25.38,58.13,4.182,2.852
2025-02-26 12:00:00,12,2,0,27.15,55.69,2.852,3.396
2025-02-26 13:00:00,13,2,0,27.27,58.03,3.396,3.313
2025-02-26 14:00:00,14,2,0,23.26,68.29,3.313,2.383
2025-02-26 15:00:00,15,2,0,24.71,62.2,2.383,2.61
2025-02-26 16:00:00,16,2,0,23.62,59.45,2.61,2.195
2025-02-26 17:00:00,17,2,0,24.01,64.21,2.195,1.824
2025-02-26 18:00:00,18,2,0,23.15,56.97,1.824,3.386
2025-02-26 19:00:00,19,2,0,21.68,67.06,3.386,3.499
2025-02-26 20:00:00,20,2,0,25.44,62.69,3.499,3.438
2025-02-26 21:00:00,21,2,0,24.2,60.1,3.438,3.57
2025-02-26 22:00:00,22,2,0,25.43,56.46,3.57,3.252
2025-02-26 23:00:00,23,2,0,25.28,56.34,3.252,3.266
2025-02-27 00:00:00,0,3,0,27.42,61.74,3.266,2.395
2025-02-27 01:00:00,1,3,0,28.05,64.7,2.395,2.825
2025-02-27 02:00:00,2,3,0,30.33,53.55,2.825,3.145
2025-02-27 03:00:00,3,3,0,34.19,55.94,3.145,4.84
2025-02-27 04:00:00,4,3,0,30.36,46.28,4.84,3.435
2025-02-27 05:00:00,5,3,0,30.5,53.68,3.435,3.883
2025-02-27 06:00:00,6,3,0,35.29,52.61,3.883,6.585
2025-02-27 07:00:00,7,3,0,32.6,50.37,6.585,5.673
2025-02-27 08:00:00,8,3,0,31.41,51.19,5.673,4.618
2025-02-27 09:00:00,9,3,0,33.18,51.11,4.618,6.45
2025-02-27 10:00:00,10,3,0,29.68,58.72,6.45,4.18
2025-02-27 11:00:00,11,3,0,32.12,54.37,4.18,4.838
2025-02-27 12:00:00,12,3,0,29.1,46.53,4.838,4.06
2025-02-27 13:00:00,13,3,0,26.06,49.55,4.06,3.016
2025-02-27 14:00:00,14,3,0,28.82,54.91,3.016,3.756
2025-02-27 15:00:00,15,3,0,23.64,64.37,3.756,2.239
2025-02-27 16:00:00,16,3,0,24.87,47.37,2.239,2.271
2025-02-27 17:00:00,17,3,0,23.71,59.54,2.271,1.924
2025-02-27 18:00:00,18,3,0,25.04,58.34,1.924,3.509
2025-02-27 19:00:00,19,3,0,25.6,67.46,3.509,3.402
2025-02-27 20:00:00,20,3,0,23.81,60.03,3.402,3.12
2025-02-27 21:00:00,21,3,0,23.42,64.18,3.12,3.121
2025-02-27 22:00:00,22,3,0,26.28,60.68,3.121,3.808
2025-02-27 23:00:00,23,3,0,25.78,49.73,3.808,3.637
2025-02-28 00:00:00,0,4,0,31.22,59.87,3.637,3.973
2025-02-28 01:00:00,1,4,0,29.7,58.32,3.973,3.211
2025-02-28 02:00:00,2,4,0,30.15,59.42,3.211,3.728
2025-02-28 03:00:00,3,4,0,32.01,75.02,3.728,3.875
2025-02-28 04:00:00,4,4,0,30.51,46.17,3.875,3.534
2025-02-28 05:00:00,5,4,0,31.57,64.37,3.534,3.983
2025-02-28 06:00:00,6,4,0,35.0,51.56,3.983,6.503
2025-02-28 07:00:00,7,4,0,32.04,56.8,6.503,5.55
2025-02-28 08:00:00,8,4,0,30.96,56.01,5.55,5.173
2025-02-28 09:00:00,9,4,0,32.54,52.85,5.173,5.981
2025-02-28 10:00:00,10,4,0,32.48,52.17,5.981,4.865
2025-02-28 11:00:00,11,4,0,30.57,58.19,4.865,4.576
2025-02-28 12:00:00,12,4,0,29.69,49.66,4.576,4.196
2025-02-28 13:00:00,13,4,0,25.77,64.14,4.196,3.081
2025-02-28 14:00:00,14,4,0,23.57,60.07,3.081,2.206
2025-02-28 15:00:00,15,4,0,26.91,53.82,2.206,3.113
2025-02-28 16:00:00,16,4,0,23.38,60.04,3.113,2.253
2025-02-28 17:00:00,17,4,0,22.99,68.89,2.253,2.244
2025-02-28 18:00:00,18,4,0,25.19,58.17,2.244,3.566
2025-02-28 19:00:00,19,4,0,24.2,63.43,3.566,3.256
2025-02-28 20:00:00,20,4,0,24.55,57.7,3.256,3.012
2025-02-28 21:00:00,21,4,0,27.91,62.46,3.012,3.719
2025-02-28 22:00:00,22,4,0,24.73,64.64,3.719,3.188
2025-02-28 23:00:00,23,4,0,28.3,67.61,3.188,4.466
2025-03-01 00:00:00,0,5,1,28.39,57.41,4.466,3.318
2025-03-01 01:00:00,1,5,1,30.0,60.34,3.318,3.313
2025-03-01 02:00:00,2,5,1,33.1,55.01,3.313,4.812
2025-03-01 03:00:00,3,5,1,32.6,61.4,4.812,4.217
2025-03-01 04:00:00,4,5,1,33.44,50.65,4.217,5.479
2025-03-01 05:00:00,5,5,1,34.74,56.93,5.479,5.414
2025-03-01 06:00:00,6,5,1,32.76,53.82,5.414,6.113
2025-03-01 07:00:00,7,5,1,31.88,55.18,6.113,5.843
2025-03-01 08:00:00,8,5,1,31.07,56.6,5.843,5.215
2025-03-01 09:00:00,9,5,1,28.89,59.15,5.215,4.504
2025-03-01 10:00:00,10,5,1,33.89,53.31,4.504,6.017
2025-03-01 11:00:00,11,5,1,27.94,59.72,6.017,3.709
2025-03-01 12:00:00,12,5,1,27.97,66.51,3.709,4.001
2025-03-01 13:00:00,13,5,1,26.6,64.65,4.001,3.388
2025-03-01 14:00:00,14,5,1,26.27,64.33,3.388,2.933
2025-03-01 15:00:00,15,5,1,25.99,57.93,2.933,2.68
2025-03-01 16:00:00,16,5,1,25.27,56.34,2.68,2.968
2025-03-01 17:00:00,17,5,1,22.6,67.7,2.968,2.235
2025-03-01 18:00:00,18,5,1,23.05,66.94,2.235,3.528
2025-03-01 19:00:00,19,5,1,23.9,69.24,3.528,3.724
2025-03-01 20:00:00,20,5,1,23.6,59.1,3.724,3.727
2025-03-01 21:00:00,21,5,1,27.18,58.11,3.727,4.37
2025-03-01 22:00:00,22,5,1,26.54,51.57,4.37,4.036
2025-03-01 23:00:00,23,5,1,28.11,56.55,4.036,4.725
2025-03-02 00:00:00,0,6,1,29.4,62.46,4.725,3.267
2025-03-02 01:00:00,1,6,1,31.46,53.5,3.267,4.368
2025-03-02 02:00:00,2,6,1,31.18,59.26,4.368,4.367
2025-03-02 03:00:00,3,6,1,30.0,56.05,4.367,4.03
2025-03-02 04:00:00,4,6,1,33.34,55.95,4.03,4.616
2025-03-02 05:00:00,5,6,1,32.26,49.45,4.616,4.626
2025-03-02 06:00:00,6,6,1,32.62,55.33,4.626,5.53
2025-03-02 07:00:00,7,6,1,34.12,38.75,5.53,6.416
2025-03-02 08:00:00,8,6,1,34.6,52.39,6.416,6.796
2025-03-02 09:00:00,9,6,1,31.98,47.27,6.796,6.241
2025-03-02 10:00:00,10,6,1,31.37,61.93,6.241,4.925
2025-03-02 11:00:00,11,6,1,32.26,59.08,4.925,5.305
2025-03-02 12:00:00,12,6,1,28.77,60.32,5.305,4.542
2025-03-02 13:00:00,13,6,1,31.02,63.79,4.542,5.13
2025-03-02 14:00:00,14,6,1,26.76,54.85,5.13,3.867
2025-03-02 15:00:00,15,6,1,22.23,71.95,3.867,2.612
2025-03-02 16:00:00,16,6,1,25.21,65.49,2.612,2.602
2025-03-02 17:00:00,17,6,1,24.15,60.5,2.602,2.095
2025-03-02 18:00:00,18,6,1,25.34,66.4,2.095,3.749
2025-03-02 19:00:00,19,6,1,24.59,55.8,3.749,3.922
2025-03-02 20:00:00,20,6,1,23.87,57.78,3.922,3.731
2025-03-02 21:00:00,21,6,1,23.04,59.53,3.731,3.787
2025-03-02 22:00:00,22,6,1,25.6,57.88,3.787,4.001
2025-03-02 23:00:00,23,6,1,25.84,55.05,4.001,4.095
2025-03-03 00:00:00,0,0,0,27.64,65.0,4.095,2.494
2025-03-03 01:00:00,1,0,0,30.69,55.16,2.494,3.402
2025-03-03 02:00:00,2,0,0,33.52,55.95,3.402,4.908
2025-03-03 03:00:00,3,0,0,32.64,52.04,4.908,4.538
2025-03-03 04:00:00,4,0,0,31.05,47.06,4.538,3.975
2025-03-03 05:00:00,5,0,0,34.01,55.14,3.975,5.174
2025-03-03 06:00:00,6,0,0,35.31,43.19,5.174,6.421
2025-03-03 07:00:00,7,0,0,32.43,54.72,6.421,5.77
2025-03-03 08:00:00,8,0,0,32.64,48.05,5.77,5.964
2025-03-03 09:00:00,9,0,0,32.07,65.28,5.964,5.685
2025-03-03 10:00:00,10,0,0,29.83,61.69,5.685,4.371
2025-03-03 11:00:00,11,0,0,30.78,56.91,4.371,4.69
2025-03-03 12:00:00,12,0,0,28.33,64.66,4.69,3.635
2025-03-03 13:00:00,13,0,0,27.85,54.49,3.635,3.785
2025-03-03 14:00:00,14,0,0,24.68,63.97,3.785,2.124
2025-03-03 15:00:00,15,0,0,24.32,62.54,2.124,2.565
2025-03-03 16:00:00,16,0,0,25.26,62.11,2.565,2.262
2025-03-03 17:00:00,17,0,0,23.12,68.86,2.262,2.096
2025-03-03 18:00:00,18,0,0,26.1,63.78,2.096,3.841
2025-03-03 19:00:00,19,0,0,23.08,63.98,3.841,3.338
2025-03-03 20:00:00,20,0,0,24.52,53.11,3.338,3.256
2025-03-03 21:00:00,21,0,0,26.37,55.1,3.256,3.407
2025-03-03 22:00:00,22,0,0,23.88,61.28,3.407,2.987
2025-03-03 23:00:00,23,0,0,24.58,61.81,2.987,2.867
2025-03-04 00:00:00,0,1,0,26.32,54.29,2.867,2.398
2025-03-04 01:00:00,1,1,0,31.8,67.62,2.398,4.079
2025-03-04 02:00:00,2,1,0,30.28,64.36,4.079,3.663
2025-03-04 03:00:00,3,1,0,35.98,55.23,3.663,5.364
2025-03-04 04:00:00,4,1,0,32.09,55.69,5.364,4.167
2025-03-04 05:00:00,5,1,0,33.72,52.97,4.167,4.861
2025-03-04 06:00:00,6,1,0,35.92,47.5,4.861,6.77
2025-03-04 07:00:00,7,1,0,36.45,52.23,6.77,7.276
2025-03-04 08:00:00,8,1,0,36.03,53.46,7.276,6.626
2025-03-04 09:00:00,9,1,0,33.96,47.63,6.626,6.479
2025-03-04 10:00:00,10,1,0,32.64,56.55,6.479,4.601
2025-03-04 11:00:00,11,1,0,30.79,55.59,4.601,4.268
